Date,Close,Daily Return,Put-Call Ratio
2019-10-07,32.34718322753906,0.004777528375869,1.89
2019-10-08,31.81420516967773,-0.0164767996679096,1.71
2019-10-09,32.10752487182617,0.0092197715009394,0.75
2019-10-10,32.404422760009766,0.0092469877191971,4.26
2019-10-11,33.2056770324707,0.0247266948217255,1.75
2019-10-14,32.79431915283203,-0.0123881792633355,4.12
2019-10-15,33.23429870605469,0.0134163344319548,1.18
2019-10-16,33.19852828979492,-0.0010763102473183,1.27
2019-10-17,33.06259536743164,-0.0040945466370286,1.44
2019-10-18,33.14844512939453,0.0025965826641503,2.82
2019-10-21,33.25217819213867,0.0031293492753345,3.47
2019-10-22,33.75654602050781,0.0151679635978969,1.28
2019-10-23,33.85313034057617,0.0028612026837604,2.06
2019-10-24,33.98188781738281,0.0038034142045739,3.15
2019-10-25,34.12140655517578,0.0041056794296636,1.95
2019-10-28,34.23228454589844,0.0032495140709796,2.32
2019-10-29,34.103515625,-0.0037616221822935,4.37
2019-10-30,34.09994125366211,-0.0001048094682435,2.64
2019-10-31,33.72077178955078,-0.0111193582795573,2.76
2019-11-01,34.16075134277344,0.0130477308161431,0.6
2019-11-04,34.708030700683594,0.0160207061144141,0.91
2019-11-05,35.27321243286133,0.0162838893699204,1.33
2019-11-06,35.28751373291016,0.0004054436514975,0.5
2019-11-07,35.47710037231445,0.0053726267268152,2.13
2019-11-08,35.26605224609375,-0.0059488550080434,3.48
2019-11-11,35.348323822021484,0.0023328830614106,7.22
2019-11-12,35.37336730957031,0.0007084773715133,2.66
2019-11-13,35.348323822021484,-0.0007079757866889,1.34
2019-11-14,35.112239837646484,-0.0066787886623331,1.69
2019-11-15,35.251747131347656,0.0039731812708683,6.99
2019-11-18,35.07289123535156,-0.005073674655888,3.68
2019-11-19,34.95486068725586,-0.0033652927927634,4.44
2019-11-20,34.88330841064453,-0.0020469907533464,4.71
2019-11-21,34.95126724243164,0.0019481762161748,4.99
2019-11-22,35.130130767822266,0.0051175118816144,4.69
2019-11-25,35.008506774902344,-0.0034620990660053,8.86
2019-11-26,34.42902755737305,-0.0165525259690517,3.05
2019-11-27,34.36464309692383,-0.0018700632872051,4.18
2019-11-28,34.332454681396484,-0.0009366724815549,2.88
2019-11-29,34.08205032348633,-0.0072935174671865,3.73
2019-12-02,33.68142318725586,-0.0117547838943947,1.57
2019-12-03,33.36306381225586,-0.0094520760963704,2.24
2019-12-04,33.77442932128906,0.0123299679953881,1.23
2019-12-05,33.717193603515625,-0.0016946464802992,4.51
2019-12-06,34.307411193847656,0.0175049441324348,1.93
2019-12-09,34.04270553588867,-0.0077156989917809,3.15
2019-12-10,34.08562469482422,0.0012607446517522,2.11
2019-12-11,33.90678787231445,-0.0052466934113993,1.96
2019-12-12,34.07132339477539,0.0048525835912425,2.64
2019-12-13,34.21083068847656,0.0040945663332396,3.58
2019-12-16,34.53990936279297,0.0096191372057869,2.27
2019-12-17,34.90118789672852,0.0104597418059446,1.35
2019-12-18,34.776004791259766,-0.0035867863821472,1.34
2019-12-19,35.05500793457031,0.0080228636091248,1.92
2019-12-20,35.1050910949707,0.0014287020129584,2.07
2019-12-23,35.30897903442383,0.0058079307899114,2.62
2019-12-27,35.26248550415039,-0.0037388425334158,2.6
2019-12-30,35.187355041503906,-0.002130605984585,2.97
2020-01-03,36.04226303100586,0.0113416323550095,1.91
2020-01-06,36.5641975402832,0.0144811802973732,5.01
2020-01-07,36.32498550415039,-0.0065422476691651,2.46
2020-01-08,36.41921615600586,0.0025941001915803,0.98
2020-01-09,36.21624755859375,-0.0055731182280989,3.8
2020-01-10,36.089393615722656,-0.0035026804658836,2.12
2020-01-13,35.92628860473633,-0.0045194721951568,1.83
2020-01-14,35.636329650878906,-0.0080709409493302,1.29
2020-01-15,35.21588134765625,-0.0117983054748256,0.88
2020-01-16,35.368106842041016,0.0043226376441347,2.15
2020-01-17,35.1615104675293,-0.0058413184351202,1.68
2020-01-20,35.20863342285156,0.0013401857512858,1.35
2020-01-21,34.87880325317383,-0.0093678776371838,1.52
2020-01-22,34.65045166015625,-0.0065470019530213,2.12
2020-01-23,34.30250549316406,-0.0100416055295545,1.91
2020-01-24,34.34961700439453,0.0013734131240021,3.83
2020-01-27,33.42536163330078,-0.0269072977138437,2.13
2020-01-28,33.68996047973633,0.0079161102081222,2.67
2020-01-29,33.476112365722656,-0.0063475323499502,3.01
2020-01-30,32.56272506713867,-0.0272847482588579,3.13
2020-01-31,32.00093078613281,-0.017252680168737,0.27
2020-02-03,31.721837997436523,-0.0087213959669332,2.0
2020-02-04,32.47573471069336,0.0237658585015709,1.92
2020-02-05,32.93605041503906,0.0141741428930362,0.8
2020-02-06,33.273136138916016,0.0102345520980571,2.74
2020-02-07,32.809200286865234,-0.0139432559081248,1.35
2020-02-10,32.3126335144043,-0.0151349855564669,2.13
2020-02-11,32.613460540771484,0.0093098888468217,1.78
2020-02-12,32.972293853759766,0.0110026138606078,1.22
2020-02-13,32.90705108642578,-0.0019787148453592,0.85
2020-02-14,32.80194091796875,-0.003194153380106,3.14
2020-02-17,32.76932144165039,-0.000994437384054,1.21
2020-02-18,32.39962387084961,-0.0112818195353563,1.49
2020-02-19,32.656951904296875,0.0079423154562849,1.07
2020-02-20,32.43948745727539,-0.0066590552498217,0.74
2020-02-21,32.10966491699219,-0.0101673166296969,3.88
2020-02-24,30.565614700317383,-0.0480867745168435,0.76
2020-02-25,29.82259178161621,-0.0243091109400609,3.49
2020-02-26,29.75371742248535,-0.0023094692652875,1.93
2020-02-27,28.76422882080078,-0.0332559655532924,4.38
2020-02-28,27.821849822998047,-0.0327621854099997,2.18
2020-03-02,28.34378433227539,0.0187598780310396,1.09
2020-03-03,28.50325584411621,0.0056263309786488,1.19
2020-03-04,28.95633125305176,0.0158955668578146,1.78
2020-03-05,28.307540893554688,-0.0224058204690102,1.35
2020-03-06,26.93021583557129,-0.0486557650190306,4.33
2020-03-09,22.45755386352539,-0.16608340606532,2.83
2020-03-10,22.84537506103516,0.0172690756912599,2.28
2020-03-11,22.44668197631836,-0.0174518073637058,3.79
2020-03-12,19.122989654541016,-0.1480705400149518,2.85
2020-03-13,18.865646362304688,-0.0134572729936722,2.32
2020-03-16,17.640560150146484,-0.0649374099689497,2.27
2020-03-17,18.231355667114254,0.0334907458685695,1.59
2020-03-18,15.799304962158203,-0.1333993340573674,2.55
2020-03-19,16.310354232788086,0.032346313452011,0.75
2020-03-20,18.12262344360352,0.1111115788749881,2.19
2020-03-23,19.209983825683597,0.0600001641850516,1.79
2020-03-24,22.091480255126957,0.149999940426333,1.59
2020-03-25,23.81312561035156,0.0779325484459128,1.39
2020-03-26,23.92186164855957,0.0045662228464766,1.67
2020-03-27,23.378183364868164,-0.0227272564183625,1.7
2020-03-30,24.859220504760746,0.0633512500427311,2.47
2020-03-31,26.20696258544922,0.0542149775142939,2.78
2020-04-01,26.06627082824707,-0.0053684877346398,1.07
2020-04-02,26.866029739379883,0.030681754072245,1.14
2020-04-03,24.82959747314453,-0.0757995240082078,0.8
2020-04-06,25.040647506713867,0.0084999377777914,2.17
2020-04-07,25.37388610839844,0.0133079067382431,2.27
2020-04-08,25.08878326416016,-0.0112360733007277,1.57
2020-04-09,24.89995002746582,-0.0075266000230505,0.93
2020-04-14,24.185348510742188,-0.0286989136900031,1.77
2020-04-15,22.722824096679688,-0.0604715046141635,1.09
2020-04-16,22.226673126220703,-0.0218349166612386,1.09
2020-04-17,22.970895767211918,0.0334833124491877,1.72
2020-04-20,22.859819412231445,-0.0048355256192932,1.39
2020-04-21,21.993410110473636,-0.0379009687755551,2.84
2020-04-22,23.041244506835938,0.0476431072352581,2.61
2020-04-23,24.00762176513672,0.0419411919357946,1.84
2020-04-24,23.592931747436523,-0.0172732652054022,9.39
2020-04-27,23.881732940673828,0.0122410049047287,2.92
2020-04-28,24.285314559936523,0.0168991764653452,1.63
2020-04-29,25.04435157775879,0.0312549798747283,2.21
2020-04-30,24.3260498046875,-0.0286811886840461,4.01
2020-05-04,22.57842254638672,-0.0718418021969199,2.59
2020-05-05,24.370479583740234,0.0793703383693784,1.17
2020-05-06,23.844707489013672,-0.0215741382076597,2.37
2020-05-07,24.11870002746582,0.0114907066307434,0.46
2020-05-08,24.4260196685791,0.0127419653946236,1.44
2020-05-11,23.981704711914062,-0.0181902316748149,1.58
2020-05-12,23.92987060546875,-0.0021614020799597,1.99
2020-05-13,23.02273368835449,-0.0379081413380876,2.61
2020-05-14,22.81538963317871,-0.0090060571425825,1.25
2020-05-15,22.852413177490234,0.0016227443364666,1.18
2020-05-18,24.54450035095215,0.074044135309466,1.59
2020-05-19,24.4038028717041,-0.0057323423673845,4.14
2020-05-20,24.71111488342285,0.0125927919240436,4.32
2020-05-22,24.19275283813477,-0.0030516876950632,2.81
2020-05-25,24.63336563110352,0.0182125943218094,2.21
2020-05-26,24.71482276916504,0.0033067807006716,3.6
2020-05-27,25.20726203918457,0.0199248554043411,1.56
2020-05-28,25.414613723754883,0.0082258709513149,1.96
2020-05-29,24.89995002746582,-0.020250699140393,1.16
2020-06-02,26.321741104125977,0.0289475862161523,3.27
2020-06-03,26.97340202331543,0.0247575157209984,2.17
2020-06-04,26.74384117126465,-0.0085106376960664,0.98
2020-06-05,28.387788772583008,0.0614701377708122,2.35
2020-06-08,28.7691593170166,0.0134343166876711,1.57
2020-06-09,27.91757202148437,-0.0296007014368516,1.0
2020-06-10,27.410310745239254,-0.0181699639157283,1.51
2020-06-11,25.71452140808105,-0.06186684101904,2.05
2020-06-12,25.98851585388184,0.010655241894359,1.93
2020-06-15,25.6885986328125,-0.0115403750931986,2.08
2020-06-16,26.53278923034668,0.0328624620439932,2.24
2020-06-17,26.617950439453125,0.0032096591265664,1.27
2020-06-18,26.421714782714844,-0.0073723052864138,0.99
2020-06-19,26.42911529541016,0.0002800920665511,1.84
2020-06-22,26.240291595458984,-0.0071445335131579,0.77
2020-06-23,26.795679092407227,0.0211654468445143,2.33
2020-06-24,25.8663272857666,-0.0346828980685905,1.66
2020-06-25,26.073673248291016,0.0080160573332925,1.88
2020-06-26,26.025537490844727,-0.0018461440775109,1.91
2020-06-29,26.089723587036133,0.0024662736058376,1.05
2020-06-30,25.655519485473636,-0.0166427252521086,1.31
2020-07-01,25.795225143432617,0.0054454425698955,1.09
2020-07-02,26.31249237060547,0.0200528285485637,3.32
2020-07-03,26.157686233520508,-0.0058833703362095,1.34
2020-07-06,26.49371910095215,0.0128464293222165,1.55
2020-07-07,26.191669464111328,-0.0114008016650997,3.62
2020-07-08,25.88583755493164,-0.0116766863448223,1.94
2020-07-09,25.04009246826172,-0.032672115973655,1.47
2020-07-10,25.160911560058597,0.0048250257841504,3.64
2020-07-13,25.45541763305664,0.0117049047406356,2.01
2020-07-14,25.708383560180664,0.0099376066333132,2.33
2020-07-15,25.9235954284668,0.0083712718764423,1.28
2020-07-16,25.995330810546875,0.0027671849099026,0.99
2020-07-17,25.54225349426269,-0.0174291806319447,2.12
2020-07-20,25.07407569885254,-0.0183295414993559,2.53
2020-07-21,25.48939514160156,0.0165636990067805,2.75
2020-07-22,24.6889591217041,-0.0314027074966192,1.16
2020-07-23,24.564359664916992,-0.0050467683215358,1.97
2020-07-24,24.654977798461918,0.0036890085791385,1.17
2020-07-27,24.458642959594727,-0.0079632940849549,0.94
2020-07-28,24.469968795776367,0.0004630606939375,1.96
2020-07-29,24.50394821166992,0.0013886170504402,1.26
2020-07-30,24.11128616333008,-0.0160244400187248,2.59
2020-07-31,23.63554954528809,-0.0197308685575439,0.1
2020-08-03,24.46619033813477,0.0351437055125412,1.04
2020-08-04,25.070297241210938,0.024691498542565,2.25
2020-08-05,25.55358123779297,0.0192771546317209,1.27
2020-08-06,24.95325088500977,-0.0234930026909626,1.49
2020-08-07,24.76446914672852,-0.0075654165924592,1.23
2020-08-10,25.10050201416016,0.0135691528633485,2.94
2020-08-11,25.817873001098636,0.0285799457928681,1.05
2020-08-12,25.99155616760254,0.006727245365895,1.6
2020-08-13,25.66685485839844,-0.0124925690139642,0.95
2020-08-14,25.296836853027344,-0.0144161802220197,4.29
2020-08-17,25.13825798034668,-0.0062687233823736,4.27
2020-08-18,24.772022247314453,-0.0145688588810948,1.11
2020-08-19,24.979684829711918,0.0083829483246962,2.83
2020-08-20,24.556812286376957,-0.0169286580762612,1.31
2020-08-21,24.435985565185547,-0.0049202933907849,0.96
2020-08-24,25.39122772216797,0.0390916157007137,4.08
2020-08-25,25.1156063079834,-0.0108549857139809,2.39
2020-08-26,25.19489479064941,0.0031569408157514,1.2
2020-08-27,25.130704879760746,-0.0025477348257272,1.09
2020-08-28,25.145811080932617,0.000601105350771,1.3
2020-08-31,24.99478530883789,-0.0060060012225752,1.34
2020-09-01,24.88151741027832,-0.0045316611909252,1.26
2020-09-02,25.13825798034668,0.0103185254273239,1.8
2020-09-03,25.07784652709961,-0.0024031678445778,1.08
2020-09-04,24.892841339111328,-0.0073772358319667,1.08
2020-09-07,25.353471755981445,0.0185045335160827,3.82
2020-09-08,24.42843246459961,-0.0364857050065973,0.68
2020-09-09,24.72294235229492,0.0120560288967415,2.92
2020-09-10,24.719165802001957,-0.0001527548881178,2.89
2020-09-11,24.55303382873535,-0.0067207758788181,2.22
2020-09-14,24.18302154541016,-0.0150699211309747,1.07
2020-09-15,24.402006149291992,0.0090553036753753,1.67
2020-09-16,24.307619094848636,-0.0038680038791031,1.57
2020-09-17,23.81300544738769,-0.0203480910874466,1.52
2020-09-18,23.492076873779297,-0.0134770293618525,1.92
2020-09-21,22.450000762939453,-0.0443586199908513,2.29
2020-09-22,22.60857582092285,0.0070634767302624,2.07
2020-09-23,22.427343368530277,-0.0080160932660278,4.25
2020-09-24,21.917633056640625,-0.0227271818830252,2.11
2020-09-25,21.68195915222168,-0.0107527078225054,3.49
2020-09-28,22.25375747680664,0.026372078305773,2.77
2020-09-29,21.890588760375977,-0.0163194335522514,3.37
2020-09-30,22.562833786010746,0.030709316820733,0.49
2020-10-01,22.014219284057617,-0.0243149644745986,1.44
2020-10-02,21.7978630065918,-0.0098280240908884,1.78
2020-10-05,22.29625701904297,0.0228643519917735,6.55
2020-10-06,22.81009864807129,0.0230460937272769,3.35
2020-10-07,22.539655685424805,-0.0118562820274936,2.34
2020-10-08,22.79078483581543,0.0111416586790638,1.11
2020-10-09,23.14236068725586,0.0154262283626114,1.11
2020-10-12,22.933732986450195,-0.0090149705825193,1.45
2020-10-13,22.57056427001953,-0.0158355692309329,0.9
2020-10-14,22.539655685424805,-0.0013694201095265,2.91
2020-10-15,21.801729202270508,-0.0327390308642325,2.16
2020-10-16,21.987173080444336,0.0085059252159922,1.1
2020-10-19,21.7978630065918,-0.0086100233604343,2.17
2020-10-20,21.813316345214844,0.0007089382394216,2.22
2020-10-21,21.46173858642578,-0.0161175748439639,2.84
2020-10-22,21.34197235107422,-0.0055804535531577,3.17
2020-10-23,21.69740867614746,0.016654333499563,1.49
2020-10-26,20.905397415161133,-0.036502573777716,2.9
2020-10-27,20.23314666748047,-0.0321568030652759,4.22
2020-10-28,19.526123046875,-0.0349438291643398,2.43
2020-10-29,19.417943954467773,-0.0055402238400079,1.73
2020-10-30,19.95111083984375,0.0274574324978058,2.12
2020-11-02,20.93243980407715,0.0491866829927893,1.08
2020-11-03,21.4462833404541,0.0245477135578275,3.27
2020-11-04,21.558324813842773,0.0052242839288301,2.98
2020-11-05,21.253108978271484,-0.0141576786789717,3.02
2020-11-06,21.349699020385746,0.004544748827713,2.06
2020-11-09,24.567991256713867,0.1507418082688258,1.45
2020-11-10,25.54159545898437,0.0396289705616224,1.5
2020-11-11,25.1088809967041,-0.01694155962086,1.04
2020-11-12,24.88479995727539,-0.0089243737886257,3.65
2020-11-13,25.22478675842285,0.0136624285399593,1.31
2020-11-16,26.453384399414062,0.0487059673787317,1.92
2020-11-17,26.7624626159668,0.0116838818007567,2.59
2020-11-18,26.866775512695312,0.00389773161855,0.99
2020-11-19,26.356794357299805,-0.0189818519589195,1.33
2020-11-20,26.658143997192383,0.0114334708465453,2.06
2020-11-23,27.90991973876953,0.0469565976426935,1.48
2020-11-24,29.490089416503903,0.0566167761328015,1.84
2020-11-25,29.188735961914062,-0.0102188043696196,3.38
2020-11-26,28.87192916870117,-0.0108537345922161,3.43
2020-11-27,29.130786895751957,0.0089657232649142,2.08
2020-11-30,27.68197631835937,-0.0497346873113082,0.65
2020-12-01,28.07218742370605,0.0140962155613102,2.15
2020-12-02,28.365812301635746,0.0104596365611939,1.8
2020-12-03,28.17650604248047,-0.0066737471552809,2.4
2020-12-04,29.12306404113769,0.033593874174113,4.76
2020-12-07,28.713523864746094,-0.014062400021272,1.84
2020-12-08,28.55126190185547,-0.0056510640649665,4.08
2020-12-09,28.508764266967773,-0.0014884678314317,1.62
2020-12-10,29.103744506835938,0.0208700817158022,4.25
2020-12-11,28.6053524017334,-0.0171246729088579,1.9
2020-12-14,28.28081703186035,-0.0113452673232363,2.01
2020-12-15,28.249910354614254,-0.0010928495174405,2.65
2020-12-16,28.19195556640625,-0.0020515034377283,2.41
2020-12-17,28.11469078063965,-0.0027406678328718,1.13
2020-12-18,27.80946922302246,-0.0108563014261344,1.19
2020-12-21,26.7740535736084,-0.0372324851334048,2.79
2020-12-22,26.959495544433597,0.006926182108188,1.2
2020-12-23,27.71288681030273,0.0279453027831113,0.69
2020-12-28,27.705150604248047,-0.0009754697857123,0.79
2020-12-29,27.63947486877441,-0.0023705243985774,1.77
2020-12-30,27.500389099121094,-0.0050321422644122,1.33
2021-01-04,27.23299598693848,-0.0015877612182224,1.78
2021-01-05,27.94955062866211,0.0263120018843063,1.23
2021-01-06,29.177928924560547,0.0439498406331708,1.64
2021-01-07,29.496835708618164,0.0109297265368679,-2.55
2021-01-08,29.51651763916016,0.0006672556587568,1.13
2021-01-11,29.06768798828125,-0.0152060502653413,3.14
2021-01-12,29.17399406433105,0.0036571906266733,2.34
2021-01-13,29.47715377807617,0.0103914367390569,1.34
2021-01-14,29.764551162719727,0.0097498349673539,1.31
2021-01-15,29.20942687988281,-0.0186505175166965,2.18
2021-01-18,29.118871688842773,-0.003100204307754,1.45
2021-01-19,29.252744674682617,0.0045974647393751,1.21
2021-01-20,29.40628242492676,0.0052486613461957,1.25
2021-01-21,28.721229553222656,-0.0232961399814144,1.77
2021-01-22,28.520431518554688,-0.0069912757145677,0.68
2021-01-25,27.835376739501957,-0.0240197901145728,3.7
2021-01-26,28.331445693969727,0.0178215283058766,1.78
2021-01-27,28.209396362304688,-0.0043079104745796,1.36
2021-01-28,28.201526641845703,-0.000278975145654,2.88
2021-01-29,27.477096557617188,-0.0256876194480053,2.4
2021-02-01,27.209375381469727,-0.0097434303361009,3.87
2021-02-02,27.45741081237793,0.0091158076005346,2.59
2021-02-03,27.67001342773437,0.0077429957547419,6.95
2021-02-04,27.50859832763672,-0.005833575054787,9.97
2021-02-05,27.614900588989254,0.0038643285305359,3.12
2021-02-08,27.70151138305664,0.0031363789917793,3.73
2021-02-09,27.217248916625977,-0.0174814456776123,0.74
2021-02-10,27.358980178833008,0.0052074058859215,2.01
2021-02-11,27.27630424499512,-0.0030218938460964,1.15
2021-02-12,27.54009056091309,0.0096708965242742,2.39
2021-02-15,28.772411346435547,0.0447464318534762,1.91
2021-02-16,28.658227920532227,-0.0039685038743708,1.86
2021-02-17,29.10706329345703,0.0156616582912734,3.78
2021-02-18,28.799968719482425,-0.0105505172706187,1.12
2021-02-19,29.09524726867676,0.0102527385383786,1.43
2021-02-22,29.50470733642578,0.0140730911811097,4.08
2021-02-23,30.166149139404297,0.0224181787481048,2.72
2021-02-24,30.689777374267575,0.0173581398289679,4.08
2021-02-25,31.067739486694336,0.0123155703548265,2.82
2021-02-26,30.217329025268555,-0.0273727820393883,3.6
2021-03-01,30.57954406738281,0.0119869973223432,4.13
2021-03-02,30.64253616333008,0.0020599422871858,1.09
2021-03-03,30.953577041625977,0.01015062449916,4.99
2021-03-04,31.93785095214844,0.03179838986618,3.7
2021-03-05,32.264617919921875,0.0102313386164591,5.09
2021-03-08,32.221317291259766,-0.0013420468443041,5.21
2021-03-09,32.0205192565918,-0.0062318381602118,3.48
2021-03-10,32.52841567993164,0.0158615923517633,1.77
2021-03-11,32.867000579833984,0.010408896124358,1.42
2021-03-12,33.22134780883789,0.0107812463185741,3.06
2021-03-15,32.51266098022461,-0.0213322720285523,6.17
2021-03-16,32.099273681640625,-0.0127146559561956,1.04
2021-03-17,31.97721672058105,-0.0038024835786044,1.61
2021-03-18,31.839414596557617,-0.0043093845605001,0.56
2021-03-19,31.677993774414062,-0.0050698426522266,2.02
2021-03-22,31.284292221069336,-0.0124282350753763,3.42
2021-03-23,31.055931091308597,-0.0072995459877128,1.33
2021-03-24,31.54806900024414,0.0158468251197685,19.95
2021-03-25,31.01966667175293,-0.0167491179408515,1.22
2021-03-26,31.351926803588867,0.0107112734431313,3.4
2021-03-29,31.820281982421875,0.014938640989025,2.54
2021-03-30,32.22459411621094,0.0127061141071098,4.02
2021-03-31,31.84430313110352,-0.0118012653234974,1.98
2021-04-01,31.30389404296875,-0.0169703537210373,0.78
2021-04-06,31.07971572875977,-0.0071613555138306,2.65
2021-04-07,31.155780792236328,0.0024474182499094,2.96
2021-04-08,30.63137626647949,-0.0168316926240382,4.79
2021-04-09,30.299121856689453,-0.0108468652175328,1.17
2021-04-12,30.159015655517575,-0.0046241010493491,2.55
2021-04-13,30.323139190673828,0.0054419393865801,1.27
2021-04-14,30.65939140319824,0.0110889644508782,1.53
2021-04-15,30.423213958740234,-0.0077032659047945,0.47
2021-04-16,30.383180618286133,-0.0013158813696801,1.22
2021-04-19,30.45523834228516,0.0023716320191855,2.35
2021-04-20,29.510522842407227,-0.0310198032029929,1.08
2021-04-21,29.54654312133789,0.0012205910116545,1.21
2021-04-22,29.538537979125977,-0.0002709332925696,6.28
2021-04-23,29.442462921142575,-0.0032525326084619,1.35
2021-04-26,29.510522842407227,0.0023116245895236,21.53
2021-04-27,29.454477310180664,-0.0018991711033334,0.84
2021-04-28,29.978872299194336,0.0178035747669649,1.26
2021-04-29,29.70266342163086,-0.0092134512201413,1.47
2021-04-30,29.48249244689941,-0.0074124993979868,1.6
2021-05-03,29.814746856689453,0.0112695495602503,1.18
2021-05-04,30.155006408691406,0.0114124581918295,0.36
2021-05-05,31.2358341217041,0.035842397058857,2.98
2021-05-06,31.33591079711914,0.0032039059698265,2.14
2021-05-07,31.263851165771484,-0.0022995863057626,3.9
2021-05-10,31.49603843688965,0.0074267008848982,2.88
2021-05-11,30.759471893310547,-0.0233860059910391,1.57
2021-05-12,31.46400451660156,0.0229045747513056,2.17
2021-05-14,31.824281692504883,0.0242205223110072,2.78
2021-05-17,31.8723201751709,0.0015094914986668,2.37
2021-05-18,31.78025245666504,-0.0028886418685509,0.26
2021-05-19,30.7314510345459,-0.0330016705672576,2.54
2021-05-20,30.85955238342285,0.0041684119872162,1.32
2021-05-21,31.223827362060547,0.0118042858856688,2.36
2021-05-25,30.68741798400879,-0.0181863550192572,2.6
2021-05-26,30.79949951171875,0.00365236096984,1.31
2021-05-27,30.459238052368164,-0.011047629498691,0.64
2021-05-28,30.53929901123047,0.0026284622985202,2.48
2021-05-31,30.347152709960938,-0.0062917718313989,1.5
2021-06-01,31.07971572875977,0.0241394316560834,0.33
2021-06-02,31.776241302490234,0.0224109377257248,1.97
2021-06-03,31.776241302490234,0.0,1.4
2021-06-04,31.776241302490234,0.0,1.5
2021-06-07,31.61612701416016,-0.0050388051502343,1.58
2021-06-08,31.732208251953125,0.0036715831050708,0.89
2021-06-09,32.03644561767578,0.0095876518680015,0.96
2021-06-10,31.880319595336918,-0.0048733877722292,7.37
2021-06-11,32.28864288330078,0.0128080048489724,2.15
2021-06-14,32.73297500610352,0.0137612511126175,3.11
2021-06-15,32.75699234008789,0.0007337351395617,2.28
2021-06-16,32.7850227355957,0.0008557072400541,5.36
2021-06-17,32.60087585449219,-0.0056167989447077,2.09
2021-06-18,31.65215492248535,-0.0291010872297196,0.89
2021-06-21,31.992416381835938,0.0107500250830905,4.57
2021-06-22,32.188560485839844,0.0061309562135878,3.78
2021-06-23,32.05645751953125,-0.0041040346108893,2.97
2021-06-24,32.76873779296875,0.0222195566370215,2.27
2021-06-25,32.50824737548828,-0.0079493576812824,4.84
2021-06-28,31.572114944458008,-0.0287967671778003,1.66
2021-06-29,31.42558860778809,-0.0046410047894381,6.35
2021-06-30,31.059274673461918,-0.01165654966397,2.29
2021-07-01,31.5517578125,0.0158562343846,6.45
2021-07-02,31.43373107910156,-0.0037407340060044,2.69
2021-07-05,31.51106071472168,0.0024600845322981,1.07
2021-07-06,30.85576629638672,-0.0207956953359178,1.45
2021-07-07,30.50166320800781,-0.0114760750058043,1.2
2021-07-08,30.200469970703125,-0.0098746496297819,1.57
2021-07-09,30.48539352416992,0.0094344079328301,2.09
2021-07-12,30.50166320800781,0.0005336878405388,1.64
2021-07-13,30.273738861083984,-0.0074725219201813,1.64
2021-07-14,30.20454406738281,-0.0022856375295658,1.42
2021-07-15,29.8300895690918,-0.0123972902042702,1.3
2021-07-16,29.537038803100582,-0.0098239988623719,0.76
2021-07-19,28.40147018432617,-0.0384455810328289,1.92
2021-07-20,28.38112068176269,-0.000716494689585,0.54
2021-07-21,29.13816261291504,0.0266741380525825,0.32
2021-07-22,29.01199150085449,-0.0043300984257883,0.48
2021-07-23,29.007923126220703,-0.0001402307950375,2.01
2021-07-26,29.67949867248535,0.0231514522202247,2.23
2021-07-27,29.671361923217773,-0.00027415386484,0.87
2021-07-28,29.88300132751465,0.0071327836195906,4.12
2021-07-29,30.530153274536133,0.0216561897491074,1.55
2021-07-30,29.874866485595703,-0.0214635931581442,1.26
2021-08-02,29.866722106933597,-0.0002726164036929,0.91
2021-08-03,30.680753707885746,0.0272554717600954,1.85
2021-08-04,30.59935188293457,-0.0026531885665589,1.65
2021-08-05,30.66853904724121,0.0022610663314481,2.24
2021-08-06,30.88019752502441,0.0069014855079065,6.29
2021-08-09,30.782508850097656,-0.0031634731237581,3.69
2021-08-10,30.631912231445312,-0.0048922789037666,1.75
2021-08-11,31.063344955444336,0.014084420219647,5.36
2021-08-12,31.197660446166992,0.0043239223243765,1.51
2021-08-13,31.11218643188477,-0.0027397571824244,2.33
2021-08-16,30.729591369628903,-0.0122972733881462,0.41
2021-08-17,30.790645599365234,0.0019868220505097,0.42
2021-08-18,30.70924186706543,-0.0026437812756183,1.14
2021-08-19,29.55332374572754,-0.037640724780561,1.19
2021-08-20,29.68357276916504,0.0044072546478406,4.71
2021-08-23,30.184194564819336,0.0168652809938814,7.88
2021-08-24,30.249317169189453,0.0021575067782666,1.75
2021-08-25,30.391773223876957,0.0047093973688965,3.08
2021-08-26,30.371427536010746,-0.0006694472124524,1.05
2021-08-27,30.729591369628903,0.0117927889031062,7.16
2021-08-30,30.692968368530277,-0.0011917828863428,4.19
2021-08-31,30.3999080657959,-0.0095481251345781,1.94
2021-09-01,30.200469970703125,-0.0065604834942631,0.64
2021-09-02,30.59121322631836,0.0129383170524923,1.96
2021-09-03,30.334794998168945,-0.0083820875704534,2.8
2021-09-06,30.66039657592773,0.0107336007307266,2.57
2021-09-07,30.619701385498047,-0.0013272884559373,1.55
2021-09-08,30.330718994140625,-0.0094377926067655,2.98
2021-09-09,30.07430076599121,-0.0084540768123217,0.88
2021-09-10,29.817886352539062,-0.0085260307611909,0.93
2021-09-13,30.729591369628903,0.030575776106686,2.15
2021-09-14,30.80693244934082,0.0025168274703566,1.02
2021-09-15,31.49478530883789,0.0223278595046156,1.25
2021-09-16,31.51920318603516,0.000775299052139,3.12
2021-09-17,31.250572204589844,-0.0085227719704643,2.13
2021-09-20,30.80693244934082,-0.0141962122275592,1.64
2021-09-21,31.560840606689453,0.024472029423519,4.12
2021-09-22,32.36860656738281,0.025593930489993,4.41
2021-09-23,32.832557678222656,0.0143333668032332,0.36
2021-09-24,32.886409759521484,0.001640203660848,1.92
2021-09-27,34.01727294921875,0.0343869457920942,2.15
2021-09-28,34.46051025390625,0.0130297718264826,1.84
2021-09-29,33.996559143066406,-0.0134632687508523,1.9
2021-09-30,34.24510955810547,0.0073110462147976,0.6
2021-10-01,34.19540786743164,-0.0014513514868303,3.81
2021-10-04,34.87060546875,0.0197452711760584,1.69
2021-10-05,35.91448974609375,0.0299359378281873,1.16
2021-10-06,35.42154312133789,-0.0137255639225523,1.12
2021-10-07,35.37183380126953,-0.0014033640459445,0.9
2021-10-08,35.91448974609375,0.0153414705008803,1.23
2021-10-11,36.6352653503418,0.0200692146636007,1.63
2021-10-12,36.2044563293457,-0.0117594076875459,0.41
2021-10-13,35.85235595703125,-0.0097253324041509,1.07
2021-10-14,36.28730010986328,0.0121315361632945,1.16
2021-10-15,36.82995223999024,0.014954326403012,0.88
2021-10-18,36.99150848388672,0.0043865450284528,1.1
2021-10-19,37.1406364440918,0.0040314106214414,0.8
2021-10-20,37.16962814331055,0.0007805924182906,1.42
2021-10-21,36.6352653503418,-0.0143763287302329,1.62
2021-10-22,36.29145050048828,-0.0093848057756815,0.64
2021-10-25,36.39086151123047,0.0027392404924915,1.76
2021-10-26,36.241737365722656,-0.0040978459787711,1.18
2021-10-27,36.15060424804688,-0.0025145902017924,3.71
2021-10-28,35.868919372558594,-0.0077919824951058,0.44
2021-10-29,35.93105697631836,0.00173235226616,1.12
2021-11-01,36.06361389160156,0.0036892016666965,0.84
2021-11-02,36.18374252319336,0.0033310203451288,0.82
2021-11-03,35.54996109008789,-0.017515640696902,3.35
2021-11-04,35.83163833618164,0.0079234192515695,6.24
2021-11-05,35.96419143676758,0.0036993312821,1.32
2021-11-08,36.03875732421875,0.0020733369630254,0.93
2021-11-09,36.06775665283203,0.0008046706037168,0.91
2021-11-10,36.38258361816406,0.0087287648179059,3.37
2021-11-11,36.34115219116211,-0.0011387708865532,2.87
2021-11-12,35.76950454711914,-0.0157300363245497,0.75
2021-11-15,36.15474319458008,0.0107700302908435,2.32
2021-11-16,36.337013244628906,0.0050413869369192,0.76
2021-11-17,36.071903228759766,-0.0072958670016262,1.34
2021-11-18,35.68251419067383,-0.0107948015832854,1.91
2021-11-19,34.70905303955078,-0.027281181643234,2.27
2021-11-22,35.12329864501953,0.0119347999784586,3.28
2021-11-23,35.529258728027344,0.0115581422778858,3.69
2021-11-24,35.71980667114258,0.0053631274599297,2.13
2021-11-25,35.69493865966797,-0.0006961966984748,3.88
2021-11-26,33.57818603515625,-0.0593011979847848,1.5
2021-11-29,34.13325881958008,0.016530755528088,3.1
2021-11-30,33.64445877075195,-0.0143203451921131,4.8
2021-12-01,34.74219512939453,0.0326275529091546,1.9
2021-12-02,34.81675338745117,0.0021460433855418,1.01
2021-12-03,35.07358169555664,0.0073765725726178,3.4
2021-12-06,35.98904800415039,0.0261013065771302,1.05
2021-12-07,36.68497085571289,0.0193370730862967,0.96
2021-12-08,36.64354705810547,-0.0011291762441449,0.85
2021-12-09,36.41571807861328,-0.0062174379333671,0.92
2021-12-10,36.52756881713867,0.0030714961677793,1.2
2021-12-13,36.00148391723633,-0.0144024066462234,1.01
2021-12-14,36.229305267333984,0.0063281099918379,1.31
2021-12-15,35.860633850097656,-0.0101760553926144,1.9
2021-12-16,37.01222229003906,0.0321128858110875,0.55
2021-12-17,36.17131805419922,-0.0227196364825181,1.61
2021-12-20,35.92691421508789,-0.006756840841274,1.01
2021-12-21,36.78439712524414,0.0238674244334666,3.17
2021-12-22,37.04121780395508,0.0069817830053462,0.96
2021-12-23,37.38089370727539,0.0091702142493825,1.34
2021-12-27,37.24419403076172,0.0040200529603826,2.6
2021-12-28,37.49273681640625,0.0066733296856753,0.68
2021-12-29,37.07849884033203,-0.0110484859534968,2.21
2021-12-30,37.19862747192383,0.0032398461466602,1.11
2022-01-03,37.83267593383789,0.023197834919638,3.97
2022-01-04,38.15221786499024,0.008446188995755,1.92
2022-01-05,38.61051940917969,0.0120124482883603,2.59
2022-01-06,38.62733459472656,0.000435507882416,1.34
2022-01-07,39.06881332397461,0.0114291792037941,1.99
2022-01-10,39.30426788330078,0.0060266626829355,0.65
2022-01-11,40.0274543762207,0.0183996937703343,2.19
2022-01-12,41.255184173583984,0.0306721927860753,1.13
2022-01-13,41.04075622558594,-0.0051976000663535,1.67
2022-01-14,41.65461730957031,0.0149573531396498,1.47
2022-01-17,41.77234649658203,0.0028263178157843,1.08
2022-01-18,42.39883041381836,0.014997575424392,0.77
2022-01-19,43.10519409179688,0.0166599802655948,1.0
2022-01-20,42.61745834350586,-0.0113150110692538,2.64
2022-01-21,41.726104736328125,-0.0209152221137458,1.25
2022-01-24,40.29233932495117,-0.0343613529333034,0.66
2022-01-25,41.29302978515625,0.0248357498465072,0.79
2022-01-26,42.94541931152344,0.0400161851761524,0.91
2022-01-27,43.50883483886719,0.0131193393003516,1.05
2022-01-28,43.088375091552734,-0.0096637786066118,2.6
2022-01-31,42.23064804077149,-0.0199062287440354,1.28
2022-02-01,43.13883209228516,0.0215053306934069,0.99
2022-02-02,42.25586700439453,-0.0204679877749526,1.43
2022-02-03,41.8017807006836,-0.0107461125732839,0.63
2022-02-04,42.86132049560547,0.0253467621991649,1.94
2022-02-07,43.07996368408203,0.0051011771440634,3.25
2022-02-08,43.13042449951172,0.0011713291078825,0.57
2022-02-09,44.0638427734375,0.0216417594947702,1.36
2022-02-10,43.668601989746094,-0.008969730255339,0.66
2022-02-11,43.93769454956055,0.0061621519250292,1.44
2022-02-14,42.995872497558594,-0.0214353998692308,0.86
2022-02-15,42.88656234741211,-0.0025423405503095,0.47
2022-02-16,43.23973083496094,0.0082349451254197,1.07
2022-02-17,42.59224319458008,-0.0149743679684828,1.13
2022-02-18,42.60064315795898,0.0001972181493361,1.24
2022-02-21,41.99518966674805,-0.0142123086960441,0.92
2022-02-22,41.94893646240234,-0.0011013929145872,1.13
2022-02-23,41.65461730957031,-0.0070161290762597,1.36
2022-02-24,40.04427719116211,-0.0386593425271541,0.77
2022-02-25,40.59086608886719,0.0136496132792156,0.71
2022-02-28,38.33722686767578,-0.0555208459030518,3.45
2022-03-01,37.29447937011719,-0.0271993459818501,2.09
2022-03-02,40.34279251098633,0.081736310369616,2.03
2022-03-03,38.82915496826172,-0.0375194042978658,2.29
2022-03-04,37.42061996459961,-0.0362751907635749,1.61
2022-03-07,37.74858093261719,0.0087641778337139,0.74
2022-03-08,38.45915222167969,0.0188237881135426,1.67
2022-03-09,38.87119674682617,0.0107138223633076,2.97
2022-03-10,38.42972183227539,-0.0113573790235009,1.47
2022-03-11,38.33722686767578,-0.0024068601121626,5.93
2022-03-14,38.47176361083984,0.0035092977285089,1.13
2022-03-15,38.47597503662109,0.0001094679678284,1.13
2022-03-16,38.29517364501953,-0.0046990723803485,1.03
2022-03-17,38.69040298461914,0.010320604451705,1.74
2022-03-18,38.265743255615234,-0.0109758414553791,1.41
2022-03-21,38.49279022216797,0.0059334262772856,2.36
2022-03-22,39.23081970214844,0.0191731873870613,0.57
2022-03-23,39.53371047973633,0.0077207353781421,0.94
2022-03-24,39.83234024047852,0.0075538004684698,2.83
2022-03-25,40.61302947998047,0.0195993816780215,1.79
2022-03-28,39.83660507202149,-0.0191176186041898,0.67
2022-03-29,39.08576965332031,-0.0188478766537388,2.04
2022-03-30,40.07123565673828,0.0252129102780569,2.21
2022-03-31,39.27347946166992,-0.019908450088791,1.57
2022-04-01,39.89205932617188,0.0157505745093371,2.91
2022-04-04,39.79821014404297,-0.002352578024653,3.8
2022-04-05,39.50384140014648,-0.0073965322267274,2.95
2022-04-06,38.94926071166992,-0.0140386521619263,3.17
2022-04-07,38.3178825378418,-0.0162102736301475,1.19
2022-04-08,38.95779037475586,0.0166999790837112,2.17
2022-04-11,39.78114318847656,0.0211344844202001,1.85
2022-04-12,39.61050033569336,-0.0042895412023411,1.26
2022-04-13,40.08829498291016,0.0120623229489038,3.24
2022-04-14,39.83660507202149,-0.0062783890159451,1.66
2022-04-19,40.39545822143555,0.0140286339261013,4.47
2022-04-20,40.130958557128906,-0.0065477574943384,2.12
2022-04-21,40.22908401489258,0.0024451311728321,1.58
2022-04-22,39.136962890625,-0.0271475513552156,2.32
2022-04-25,37.56704711914063,-0.0401133776239044,1.89
2022-04-26,38.18563079833984,0.0164661246128139,2.72
2022-04-27,38.50558853149414,0.0083790087125705,1.17
2022-04-28,39.91339492797852,0.0365610928224851,1.54
2022-04-29,40.293067932128906,0.0095124207007568,1.51
2022-05-02,40.08403396606445,-0.0051878394173547,0.88
2022-05-03,41.63688659667969,0.0387399290183692,3.21
2022-05-04,41.65821838378906,0.0005123290633137,0.99
2022-05-05,42.24693298339844,0.0141320157810318,3.89
2022-05-06,43.17266845703125,0.0219124894580298,2.56
2022-05-09,41.06949615478516,-0.048715365007825,2.7
2022-05-10,41.07802963256836,0.0002077814091276,1.85
2022-05-11,42.95936965942383,0.045799178872101,1.57
2022-05-12,42.12321472167969,-0.019463854902273,3.17
2022-05-13,43.58222198486328,0.0346366551751493,0.65
2022-05-16,44.11973571777344,0.0123333255724511,3.16
2022-05-17,44.64873504638672,0.0119900838027953,1.27
2022-05-18,44.520755767822266,-0.0028663584406476,2.43
2022-05-19,43.96616744995117,-0.0124568486834162,1.17
2022-05-20,44.11973571777344,0.00349287365102,0.77
2022-05-23,45.46781921386719,0.0305551126760417,1.99
2022-05-24,44.75111770629883,-0.0157628300622294,2.41
2022-05-25,46.03094482421875,0.0285987743662496,1.31
2022-05-27,46.82443237304688,-0.0043540041053105,1.87
2022-05-30,47.08039093017578,0.0054663461820465,2.2
2022-05-31,47.430213928222656,0.0074303333327392,2.03
2022-06-01,46.17598724365234,-0.0264436227605543,2.22
2022-06-02,46.21865081787109,0.0009239342083502,1.46
2022-06-03,46.4831428527832,0.0057226256117766,2.87
2022-06-07,47.532596588134766,0.0039647324371627,2.58
2022-06-08,48.22370910644531,0.0145397594055078,1.07
2022-06-09,47.532596588134766,-0.0143313845226015,2.41
2022-06-10,46.50020599365234,-0.0217196338636406,1.88
2022-06-13,45.519004821777344,-0.0211010069935806,1.31
2022-06-14,46.14186096191406,0.0136834305269946,2.48
2022-06-15,45.67259216308594,-0.0101701316124952,2.05
2022-06-16,44.34157180786133,-0.0291426497202491,0.89
2022-06-17,42.09762573242188,-0.0506059208988532,4.38
2022-06-20,42.87404251098633,0.018443243889797,1.03
2022-06-21,43.66080474853516,0.0183505494576869,2.29
2022-06-22,42.40285110473633,-0.0288119665004807,3.79
2022-06-23,41.58151245117188,-0.019369892169178,2.58
2022-06-24,42.843788146972656,0.0303566566339557,3.23
2022-06-27,43.22851943969727,0.0089798617107528,24.26
2022-06-28,43.79049301147461,0.0130000652129962,0.56
2022-06-29,44.05850601196289,0.0061203467249855,5.21
2022-06-30,43.54841232299805,-0.0115776437999586,7.07
2022-07-01,43.35820770263672,-0.0043676591226927,0.96
2022-07-04,45.32942199707031,0.0454634635258164,1.03
2022-07-05,42.42013931274414,-0.0641808908243789,20.86
2022-07-06,41.188133239746094,-0.0290429520731894,0.11
2022-07-07,42.68816375732422,0.0364189974050732,1.14
2022-07-08,42.59738159179688,-0.0021266355246252,0.9
2022-07-11,42.29478454589844,-0.0071036536658091,13.35
2022-07-12,41.72848892211914,-0.0133892542510708,0.64
2022-07-13,41.79764938354492,0.0016573919452214,1.11
2022-07-14,39.84804916381836,-0.0466437765874482,2.86
2022-07-15,41.097354888916016,0.0313517412097557,0.07
2022-07-18,42.05702209472656,0.0233510698779635,0.32
2022-07-19,42.45040512084961,0.009353563484286,0.07
2022-07-20,42.53686141967773,0.0020366424909725,3.93
2022-07-21,41.39994812011719,-0.0267277194794303,2.13
2022-07-22,41.96624755859375,0.0136787475393329,3.48
2022-07-25,42.45040512084961,0.0115368323455622,3.35
2022-07-26,42.53686141967773,0.0020366424909725,0.83
2022-07-27,43.00805282592773,0.0110772490147104,0.6
2022-07-28,41.57719039916992,-0.0332696398172019,3.54
2022-07-29,43.021026611328125,0.0347266421395089,3.11
2022-08-02,41.706878662109375,-0.0145046152359573,1.61
2022-08-03,42.05702209472656,0.008395340141704,1.22
2022-08-04,42.05270004272461,-0.0001027664771942,0.14
2022-08-05,42.26884460449219,0.0051398497967545,0.2
2022-08-08,43.07289505004883,0.0190222953354912,14.94
2022-08-09,43.96340560913086,0.0206744997764207,1.23
2022-08-10,43.69539260864258,-0.0060962747715935,0.66
2022-08-11,44.95765686035156,0.0288878111936066,1.27
2022-08-12,44.89713668823242,-0.0013461593940967,1.51
2022-08-15,43.84236907958984,-0.0234929816564234,1.75
2022-08-16,44.52537155151367,0.0155785940920283,1.07
2022-08-17,44.55995941162109,0.0007768123858866,2.38
2022-08-18,45.64931106567383,0.0244468726730624,1.21
2022-08-19,45.5542106628418,-0.0020832823236962,1.6
2022-08-22,45.85680770874024,0.0066425702804517,0.92
2022-08-23,47.3438720703125,0.0324284318048775,1.8
2022-08-24,46.37555313110352,-0.0204528885548459,3.1
2022-08-25,46.72138977050781,0.0074573048956767,1.82
2022-08-26,46.65221786499024,-0.0014805190054779,1.36
2022-08-29,47.03263092041016,0.00815423302105,1.22
2022-08-30,45.32942199707031,-0.0362133457135761,0.88
2022-08-31,43.8250732421875,-0.0331870270699687,1.11
2022-09-01,43.41007995605469,-0.0094693118671921,2.32
2022-09-02,44.57725524902344,0.0268871951894655,1.82
2022-09-05,45.97785186767578,0.0314195347117749,3.49
2022-09-06,44.70693588256836,-0.0276419174337486,4.46
2022-09-07,43.0512809753418,-0.0370335133585416,0.63
2022-09-08,42.53686141967773,-0.0119489953378786,2.29
2022-09-09,43.08586120605469,0.0129064479149132,0.84
2022-09-12,43.747257232666016,0.0153506511903813,4.58
2022-09-13,43.24581146240234,-0.0114623362007993,2.27
2022-09-14,44.3178825378418,0.024790171329575,0.93
2022-09-15,43.25445556640625,-0.0239954372939076,4.42
2022-09-16,43.03399658203125,-0.0050967924919674,20.7
2022-09-19,42.62332534790039,-0.0095429489879713,1.88
2022-09-20,42.25154876708984,-0.0087223739062128,1.76
2022-09-21,42.904884338378906,0.0154629969871766,2.95
2022-09-22,42.8961181640625,-0.0002043164653998,0.51
2022-09-23,40.78704071044922,-0.0491670935245657,4.02
2022-09-26,41.23867416381836,0.0110729644882874,0.93
2022-09-27,41.95777893066406,0.0174376306083241,3.58
2022-09-28,41.35706329345703,-0.0143171457716988,1.4
2022-09-29,41.484222412109375,0.0030746650880422,3.41
2022-09-30,42.33485794067383,0.0205050373154915,2.01
2022-10-03,43.63713836669922,0.0307614218961203,0.73
2022-10-04,44.99641036987305,0.0311494303717021,1.08
2022-10-05,45.48751068115234,0.0109142108724322,0.75
2022-10-06,44.96133804321289,-0.0115674089450111,1.79
2022-10-07,46.12768173217773,0.025941036003952,0.36
2022-10-10,45.16303634643555,-0.0209125052358586,0.81
2022-10-11,44.23347091674805,-0.0205824387571511,0.12
2022-10-12,43.632755279541016,-0.0135805674923779,65.42
2022-10-13,44.98764419555664,0.0310521054041921,2.34
2022-10-14,45.77690505981445,0.0175439474186951,2.62
2022-10-17,46.46969604492188,0.015134072174652,0.81
2022-10-18,45.70674514770508,-0.0164182459140523,0.55
2022-10-19,46.13645553588867,0.0094014655122554,3.81
2022-10-20,46.44338607788086,0.0066526684468302,3.89
2022-10-21,46.45215225219727,0.0001887496812076,1.56
2022-10-24,46.91693115234375,0.0100055407039725,0.34
2022-10-25,46.69770431518555,-0.0046726593528965,1.6
2022-10-26,46.40830612182617,-0.0061972681013628,1.13
2022-10-27,47.77634811401367,0.0294783866619967,0.7
2022-10-28,47.8728141784668,0.0020191175814217,0.22
2022-10-31,48.32006072998047,0.009342391066595,15.51
2022-11-01,49.54779815673828,0.0254084413018143,0.24
2022-11-02,49.31101608276367,-0.0047788616807064,2.98
2022-11-03,49.88103485107422,0.0115596638153596,3.75
2022-11-04,50.65275192260742,0.0154711519886718,2.55
2022-11-07,51.003536224365234,0.0069252762869385,1.02
2022-11-08,50.10904312133789,-0.0175378644157624,1.44
2022-11-09,49.73196029663086,-0.007525244970133,0.95
2022-11-10,49.56533432006836,-0.0033504807686776,0.82
2022-11-11,50.01258087158203,0.0090233740506131,3.75
2022-11-14,49.91611862182617,-0.0019287596855588,2.0
2022-11-15,50.67029571533203,0.0151088889586878,0.43
2022-11-16,51.07369613647461,0.0079612801829478,1.25
2022-11-17,50.36336135864258,-0.0139080354774782,0.55
2022-11-18,50.33705139160156,-0.000522402920124,0.49
2022-11-21,48.78484725952149,-0.0308362148590025,1.17
2022-11-22,50.92460632324219,0.0438611409878522,0.24
2022-11-23,50.52120971679688,-0.0079214477159581,1.4
2022-11-24,50.70537567138672,0.0036453195721601,3.17
2022-11-25,51.24908065795898,0.0107228273013089,1.67
2022-11-28,50.63521957397461,-0.0119779921142652,1.09
2022-11-29,51.68756103515625,0.0207827964416,3.15
2022-11-30,52.88898086547852,0.0232438870447977,1.0
2022-12-01,51.97695541381836,-0.0172441487193686,1.04
2022-12-02,51.64371109008789,-0.0064113859897587,1.62
2022-12-05,51.52970886230469,-0.0022074755159313,2.56
2022-12-06,51.494022369384766,-0.0006925421025623,0.8
2022-12-07,50.44130325317383,-0.0204435207772158,1.12
2022-12-08,50.68217849731445,0.0047753572688562,1.81
2022-12-09,50.2182731628418,-0.0091532240370693,2.02
2022-12-12,50.51267623901367,0.0058624691298567,2.01
2022-12-13,51.64569091796875,0.0224303039022111,2.3
2022-12-14,51.2799072265625,-0.0070825597432173,1.05
2022-12-15,50.34317398071289,-0.0182670620231619,1.71
2022-12-16,49.656227111816406,-0.0136452832544817,13.8
2022-12-19,50.5394401550293,0.0177865515481887,25.52
2022-12-20,51.11932373046875,0.0114738820545037,0.34
2022-12-21,52.62703323364258,0.0294939250590122,0.4
2022-12-22,52.63595199584961,0.0001694711189101,35.79
2022-12-23,52.82330703735352,0.0035594500412698,4.21
2022-12-27,53.19800567626953,0.007093433939133,2.64
2022-12-28,52.96604537963867,-0.0043603194082579,81.8
2022-12-29,52.97496795654297,0.0001684584310635,1.0
2022-12-30,52.323707580566406,-0.0122937379879268,17.32
2023-01-03,53.2445182800293,-0.0173275567770397,0.43
2023-01-04,51.99871826171875,-0.02339771414136,3.05
2023-01-05,52.30565643310547,0.0059028026391312,0.77
2023-01-06,52.97368621826172,0.0127716547446565,0.8
2023-01-09,52.64870071411133,-0.0061348478339111,1.33
2023-01-10,52.72994995117188,0.0015432334693641,1.85
2023-01-11,53.072998046875,0.0065057542444244,1.6
2023-01-12,53.66881942749024,0.011226450408718,1.71
2023-01-13,53.92158889770508,0.004709801201354,0.04
2023-01-16,53.60562133789063,-0.0058597598155699,4.03
2023-01-17,53.80422592163086,0.0037049208419464,1.9
2023-01-18,53.80422592163086,0.0,3.21
2023-01-19,52.666751861572266,-0.021140979924428,4.04
2023-01-20,53.12715911865234,0.008741895803451,1.66
2023-01-23,53.4431266784668,0.0059473829404048,3.07
2023-01-24,52.98271942138672,-0.0086149012173268,0.68
2023-01-25,52.71189880371094,-0.005111489569304,26.04
2023-01-26,52.82022857666016,0.0020551293997701,1.92
2023-01-27,52.919525146484375,0.0018798966324067,2.93
2023-01-30,52.27857208251953,-0.0121118445827064,0.21
2023-01-31,51.43901062011719,-0.0160593801429222,0.23
2023-02-01,50.527225494384766,-0.0177255572131053,0.84
2023-02-02,49.81404876708984,-0.0141147019318165,1.81
2023-02-03,50.87026977539063,0.0212032756710709,0.91
2023-02-06,50.247371673583984,-0.0122448358256589,0.99
2023-02-07,51.94455337524414,0.0337765269133947,1.53
2023-02-08,50.95151901245117,-0.0191171989798305,5.54
2023-02-09,52.224403381347656,0.0249822653684854,1.13
2023-02-10,53.57853317260742,0.0259290619630783,2.13
2023-02-13,53.75005722045898,0.0032013576649996,24.23
2023-02-14,54.147274017333984,0.007390072074636,0.17
2023-02-15,54.16533279418945,0.0003335122069061,0.79
2023-02-16,54.11116409301758,-0.0010000621869655,14.82
2023-02-17,52.95563507080078,-0.0213547248813651,0.46
2023-02-20,53.19034957885742,0.0044322857754954,3.94
2023-02-21,52.93758010864258,-0.0047521678691,0.29
2023-02-22,52.72092056274414,-0.0040927361140005,0.22
2023-02-23,53.36187362670898,0.0121574710214331,14.9
2023-02-24,52.53133392333984,-0.0155642905115954,9.08
2023-02-27,53.461185455322266,0.0177008932105051,29.92
2023-02-28,52.8743896484375,-0.0109761091507248,0.77
2023-03-01,52.34176254272461,-0.0100734421570506,1.71
2023-03-02,53.37090301513672,0.0196619376653979,2.94
2023-03-03,53.2716064453125,-0.0018605000892725,1.13
2023-03-06,53.53339767456055,0.0049142732257716,1.23
2023-03-07,53.262577056884766,-0.0050589095674844,1.25
2023-03-08,53.17230224609375,-0.0016949012942915,0.12
2023-03-09,52.79314422607422,-0.0071307429620913,0.99
2023-03-10,52.39593124389648,-0.0075239500886092,0.98
2023-03-13,49.77793502807617,-0.0499656395767424,0.92
2023-03-14,50.96054458618164,0.0237577062495348,1.84
2023-03-15,48.08978271484375,-0.056333029692864,1.19
2023-03-16,48.12589263916016,0.0007508855785547,0.29
2023-03-17,47.9724235534668,-0.0031889088654218,5.84
2023-03-20,48.62240982055664,0.0135491646855283,4.44
2023-03-21,49.84113311767578,0.0250650533697711,3.08
2023-03-22,49.75885009765625,-0.0016509058858124,1.81
2023-03-23,48.844669342041016,-0.0183722243142893,2.33
2023-03-24,47.36370086669922,-0.0303199611194238,1.31
2023-03-27,47.65623474121094,0.0061763305898545,0.04
2023-03-28,48.91780853271485,0.0264723765600591,1.49
2023-03-29,49.21949005126953,0.006167110252965,0.21
2023-03-30,49.740570068359375,0.0105868633857657,0.86
2023-03-31,49.694862365722656,-0.0009189219700116,3.63
2023-04-03,52.620243072509766,0.0588668640484033,0.94
2023-04-04,51.86146545410156,-0.0144198805270173,2.16
2023-04-05,52.23628616333008,0.0072273451192821,0.56
2023-04-06,52.56538772583008,0.0063002480970981,0.13
2023-04-11,53.43386459350586,0.0165218388991168,1.26
2023-04-12,53.4430046081543,0.0001710528466913,3.22
2023-04-13,53.23273849487305,-0.0039343991757747,1.51
2023-04-14,53.6806869506836,0.0084149053472739,0.07
2023-04-17,53.6898307800293,0.0001703374130459,3.61
2023-04-18,53.61669921875,-0.0013621119719844,1.71
2023-04-19,53.08647155761719,-0.0098892260966969,1.06
2023-04-20,52.63852310180664,-0.0084380905844225,7.19
2023-04-21,52.74822235107422,0.0020840107739232,6.78
2023-04-24,53.214454650878906,0.0088388248745445,0.46
2023-04-25,52.7025146484375,-0.0096203184980483,0.41
2023-04-26,53.38814926147461,0.0130095236937131,2.29
2023-04-27,51.98945617675781,-0.0261985684850496,3.92
2023-04-28,52.96763229370117,0.0188148941896542,1.66
2023-05-02,50.27993774414063,-0.050742206762377,0.47
2023-05-03,49.94169235229492,-0.0067272436486881,2.82
2023-05-04,49.9691162109375,0.0005491175278788,0.13
2023-05-05,51.31296157836914,0.026893518823883,2.74
2023-05-08,51.37696075439453,0.0012472321623386,3.35
2023-05-09,50.69131851196289,-0.0133453250710824,0.86
2023-05-10,50.81930160522461,0.0025247536860086,7.89
2023-05-11,50.16109085083008,-0.0129519834709193,1.65
2023-05-12,50.97471618652344,0.0162202480427096,1.89
2023-05-15,51.084415435791016,0.0021520325658346,3.7
2023-05-16,50.40792083740234,-0.0132426806222138,0.89
2023-05-17,50.4536361694336,0.0009069077095782,1.34
2023-05-19,51.30381774902344,0.007721299511312,0.62
2023-05-22,51.1209831237793,-0.0035637625671165,2.47
2023-05-23,52.126583099365234,0.0196709827186045,4.16
2023-05-24,51.98031234741211,-0.0028060682909964,4.69
2023-05-25,50.27993774414063,-0.0327118966101429,0.88
2023-05-26,50.97471618652344,0.0138182041099241,0.24
2023-05-30,49.201202392578125,-0.0342724052950067,1.05
2023-05-31,48.52470779418945,-0.0137495541875358,1.31
2023-06-01,49.17377853393555,0.0133760875490283,2.87
2023-06-02,50.44448852539063,0.0258412110954244,1.78
2023-06-05,50.14280700683594,-0.0059804654061035,1.17
2023-06-06,49.67657852172852,-0.0092980132732469,0.53
2023-06-07,50.08795928955078,0.0082811815963197,1.71
2023-06-08,50.30736541748047,0.0043804165919665,1.02
2023-06-09,50.234222412109375,-0.0014539223981242,1.69
2023-06-12,49.320045471191406,-0.0181982898713606,0.8
2023-06-13,49.51202392578125,0.0038925036008325,1.9
2023-06-14,49.283477783203125,-0.004615972534686,1.29
2023-06-15,49.13721084594727,-0.0029678696357282,0.85
2023-06-16,49.182918548583984,0.0009302054766604,0.8
2023-06-19,49.19206237792969,0.0001859147365699,0.74
2023-06-20,48.597843170166016,-0.0120795750175799,1.29
2023-06-21,49.9235725402832,0.02727959274808,1.49
2023-06-22,48.6812744140625,-0.024883998940947,3.32
2023-06-23,48.25482177734375,-0.0087600959886859,1.14
2023-06-26,48.73690414428711,0.0099903460252692,1.43
2023-06-27,48.208473205566406,-0.010842521657844,2.8
2023-06-28,48.227012634277344,0.0003845678462348,3.5
2023-06-29,48.14357376098633,-0.0017301273442699,1.88
2023-06-30,48.718360900878906,0.0119390210362479,2.05
2023-07-03,49.599098205566406,0.0180781390917363,1.04
2023-07-04,49.7196159362793,0.0024298371356148,0.49
2023-07-05,48.85742568969727,-0.017341048001799,3.12
2023-07-06,46.89200592041016,-0.0402276571379315,0.82
2023-07-07,47.37409210205078,0.0102807754152993,1.04
2023-07-10,47.49460983276367,0.0025439586357303,0.21
2023-07-11,48.19920349121094,0.0148352341650612,0.51
2023-07-12,48.73690414428711,0.0111557995595139,0.4
2023-07-13,48.80180358886719,0.0013316283772957,1.54
2023-07-14,47.54096603393555,-0.025835880279213,0.56
2023-07-17,47.24429702758789,-0.0062402814056384,5.06
2023-07-18,47.8005485534668,0.0117739401552336,0.93
2023-07-19,48.50513458251953,0.0147401243369544,1.1
2023-07-20,49.41367721557617,0.0187308548028246,1.23
2023-07-21,50.05337142944336,0.0129456913533556,0.86
2023-07-24,50.795040130615234,0.0148175573391164,3.5
2023-07-25,50.37784957885742,-0.0082132143351997,1.03
2023-07-26,49.93284606933594,-0.0088333168891004,1.52
2023-07-27,50.35931015014648,0.0085407525182594,0.57
2023-07-28,50.47055816650391,0.0022090853910774,0.3
2023-07-31,51.23076248168945,0.0150623322349161,1.32
2023-08-02,49.23752975463867,-0.0274674974163395,2.08
2023-08-03,50.15534973144531,0.0186406584851095,1.28
2023-08-04,51.518165588378906,0.0271718942093064,0.77
2023-08-07,51.388370513916016,-0.0025194040389545,3.99
2023-08-08,51.1380615234375,-0.0048709267870389,0.89
2023-08-09,52.880985260009766,0.0340827103071448,1.91
2023-08-10,53.60410690307617,0.0136745115377654,1.88
2023-08-11,53.001495361328125,-0.0112418912759362,1.31
2023-08-14,52.45452499389648,-0.0103199044423702,1.97
2023-08-15,52.00951766967773,-0.008483678467597,1.1
2023-08-16,52.213478088378906,0.0039215979659061,1.0
2023-08-17,52.621395111083984,0.0078124851597631,2.34
2023-08-18,52.85316467285156,0.0044044739079667,1.36
2023-08-21,53.39087677001953,0.0101736972704715,0.58
2023-08-22,53.75244140625,0.0067720303187359,0.53
2023-08-23,52.81608581542969,-0.0174197778988962,1.03
2023-08-24,53.001495361328125,0.0035104749440608,1.52
2023-08-25,53.14056396484375,0.0026238618847931,4.15
2023-08-28,53.66900253295898,0.0099441655994625,1.25
2023-08-29,53.64119720458984,-0.0005180891586733,0.81
2023-08-30,53.71535873413086,0.0013825479930689,0.88
2023-08-31,53.835880279541016,0.0022437073539187,1.06
2023-09-01,54.59608840942383,0.0141208451674879,2.58
2023-09-04,54.43848419189453,-0.0028867309384401,2.56
2023-09-05,55.532447814941406,0.0200954093282736,0.8
2023-09-06,55.17087936401367,-0.0065109402728408,0.64
2023-09-07,55.5139045715332,0.0062175048045958,1.68
2023-09-08,55.977447509765625,0.0083500330558647,1.29
2023-09-11,56.31120300292969,0.0059623206846979,1.83
2023-09-12,56.82109832763672,0.0090549534997592,0.77
2023-09-13,56.76546859741211,-0.0009790329976347,1.66
2023-09-14,57.73890686035156,0.0171484229231542,1.77
2023-09-15,57.82234573364258,0.0014451065638083,0.64
2023-09-18,57.470062255859375,-0.006092514465013,2.85
2023-09-19,58.44349670410156,0.0169381136896704,0.65
2023-09-20,58.434120178222656,-0.0001604374551095,1.67
2023-09-21,58.04949951171875,-0.0065821247129386,1.49
2023-09-22,58.07764434814453,0.0004848420169427,1.81
2023-09-25,58.284027099609375,0.0035535661575336,3.41
2023-09-26,58.07764434814453,-0.0035409830400382,2.22
2023-09-27,59.03450012207031,0.0164754577198402,2.55
2023-09-28,59.681785583496094,0.0109645285398765,3.41
2023-09-29,58.452880859375,-0.0205909510264539,0.74
2023-10-02,57.73992156982422,-0.0121971625533052,0.54
2023-10-03,57.48663711547852,-0.0043866435467774,0.74
2023-10-04,56.370304107666016,-0.0194190000289984,1.07
2023-10-05,56.07011032104492,-0.0053253888084003,1.75
2023-10-06,56.60483169555664,0.0095366563655756,1.98
2023-10-09,57.58982849121094,0.0174012847693285,0.44
2023-10-10,58.05887985229492,0.0081446910569558,1.63
2023-10-11,57.87126159667969,-0.0032315169719523,0.66
2023-10-12,58.3215446472168,0.007780771286364,0.81
2023-10-13,59.2596435546875,0.0160849461917582,1.11
2023-10-16,59.15645599365234,-0.0017412788003007,4.49
2023-10-17,59.269020080566406,0.0019028199885087,0.64
2023-10-18,59.831878662109375,0.0094966743296558,1.09
2023-10-19,59.40974044799805,-0.0070554063076522,2.38
2023-10-20,58.69678497314453,-0.0120006495479907,0.4
2023-10-23,58.44350051879883,-0.0043151333494941,1.1
2023-10-24,58.190208435058594,-0.0043339649660232,1.07
2023-10-25,58.34968566894531,0.0027406197395682,1.24
2023-10-26,58.61236190795898,0.0045017592811724,2.65
2023-10-27,59.10016632080078,0.0083225517102998,1.08
2023-10-30,59.09078979492188,-0.0001586548137277,1.21
2023-10-31,59.28778076171875,0.0033337000145123,0.95
2023-11-01,59.69116973876953,0.0068039142613893,1.75
2023-11-02,60.591739654541016,0.0150871547619642,3.04
2023-11-03,58.471641540527344,-0.0349898868410322,0.41
2023-11-06,58.78121566772461,0.0052944319509602,0.56
2023-11-07,57.44911575317383,-0.0226620000865719,0.19
2023-11-08,57.0175895690918,-0.0075114504100647,2.27
2023-11-09,57.56168746948242,0.009542632449085,0.49
2023-11-10,58.199588775634766,0.011082046656303,1.22
2023-11-13,58.90316390991211,0.0120890052503583,1.48
2023-11-14,58.668643951416016,-0.0039814492622972,0.99
2023-11-15,58.73430633544922,0.0011192074609323,0.47
2023-11-16,57.18644714355469,-0.0263535791680971,1.2
2023-11-17,57.983829498291016,0.0139435547155897,6.38
2023-11-20,59.10016632080078,0.0192525542408796,0.66
2023-11-21,59.05326461791992,-0.0007935968001557,1.3
2023-11-22,58.0213508605957,-0.0174742880685901,0.13
2023-11-23,58.92192459106445,0.015521419565575,1.62
2023-11-24,59.23149871826172,0.0052539717489847,1.41
2023-11-27,58.96883773803711,-0.0044344814145927,1.26
2023-11-28,59.27840423583984,0.0052496625281637,1.83
2023-11-29,57.86187744140625,-0.0238961694852297,0.94
2023-11-30,58.40597152709961,0.0094033258123076,1.29
2023-12-01,58.499786376953125,0.001606254418865,1.82
2023-12-04,57.58982849121094,-0.0155548924551403,2.63
2023-12-05,57.57106399536133,-0.0003258300352895,1.99
2023-12-06,56.89563751220703,-0.0117320479470158,3.59
2023-12-07,56.914398193359375,0.0003297384821168,3.29
2023-12-08,58.06826019287109,0.0202736396437264,1.68
2023-12-11,58.13392639160156,0.0011308449488991,0.46
2023-12-12,57.51478576660156,-0.0106502461373303,1.21
2023-12-13,57.56168746948242,0.0008154720956656,1.65
2023-12-14,57.60858917236328,0.0008148076427698,1.84
2023-12-15,57.81496810913086,0.0035824334484237,1.82
2023-12-18,58.49040222167969,0.0116826858967367,1.85
2023-12-19,58.15269470214844,-0.0057737253755125,0.33
2023-12-20,58.30278396606445,0.0025809511439625,6.49
2023-12-21,58.16206741333008,-0.0024135477444143,0.41
2023-12-22,58.44350051879883,0.0048387741011464,3.24
2023-12-27,58.60297775268555,0.0027287419896318,1.81
2023-12-28,57.60858917236328,-0.0169682261628197,0.67
2023-12-29,57.78682708740234,0.0030939468853468,0.91
2024-01-03,58.62239456176758,-0.0040328625216181,1.57
2024-01-04,59.32502365112305,0.0119856770541015,0.78
2024-01-05,59.34401321411133,0.0003200936437877,2.46
2024-01-08,57.49248123168945,-0.0311999792757797,1.16
2024-01-09,57.08419418334961,-0.0071015729290667,1.86
2024-01-10,56.75186920166016,-0.0058216637099588,1.05
2024-01-11,56.47650909423828,-0.004852000670558,1.34
2024-01-12,57.10318374633789,0.0110962002104968,2.44
2024-01-15,56.91328430175781,-0.0033255491571826,0.34
2024-01-16,56.57146453857422,-0.0060059750087737,0.52
2024-01-17,55.318119049072266,-0.0221550829508282,1.19
2024-01-18,55.55549240112305,0.0042910597130065,0.83
2024-01-19,55.33710861206055,-0.003930912671707,0.6
2024-01-22,54.83386993408203,-0.0090940544347276,1.6
2024-01-23,55.185184478759766,0.0064068894845479,3.55
2024-01-24,55.887821197509766,0.0127323433886579,1.31
2024-01-25,55.96378326416016,0.001359188192038,3.2
2024-01-26,56.60944366455078,0.011537111373314,2.06
2024-01-29,57.16965103149414,0.0098960055192021,0.68
2024-01-30,57.378536224365234,0.0036537776442961,1.19
2024-01-31,57.0651969909668,-0.005460913679868,0.32
