Date,Close,Daily Return
2019-01-02,32.0782356262207,0.0
2019-01-03,31.80320167541504,-0.00857384907357095
2019-01-04,32.59734344482422,0.024970497546574988
2019-01-07,32.52171325683594,-0.0023201334831562948
2019-01-08,32.45295333862305,-0.0021142772420956746
2019-01-09,32.88612365722656,0.013347639399215794
2019-01-10,32.72797775268555,-0.004808894662970187
2019-01-11,32.167625427246094,-0.017121507771541866
2019-01-14,32.34982681274414,0.0056641229521319225
2019-01-15,32.30513381958008,-0.0013815527799504457
2019-01-16,32.34982681274414,0.001383464108635657
2019-01-17,32.256996154785156,-0.0028695874786697217
2019-01-18,32.85517501831055,0.018544158937026545
2019-01-21,32.58015823364258,-0.008370577375244492
2019-01-22,32.32231903076172,-0.007913994801124424
2019-01-23,32.04385757446289,-0.008615144725036994
2019-01-24,32.32231903076172,0.008690010422488736
2019-01-25,32.624847412109375,0.009359736257158247
2019-01-28,32.09886169433594,-0.016122242998697023
2019-01-29,32.48045349121094,0.011888016481978125
2019-01-30,32.329200744628906,-0.004656731366849853
2019-01-31,32.9892578125,0.0204167456252613
2019-02-01,33.147396087646484,0.004793629370060115
2019-02-04,33.064884185791016,-0.00248924234160941
2019-02-05,33.62180709838867,0.01684333474353994
2019-02-06,33.539302825927734,-0.0024538916727320226
2019-02-07,33.03394317626953,-0.015067684986806995
2019-02-08,33.29866027832031,0.008013487843042233
2019-02-11,33.49806213378906,0.0059882846277323765
2019-02-12,33.54961395263672,0.0015389492873276733
2019-02-13,33.628692626953125,0.0023570665948062786
2019-02-14,33.68025588989258,0.0015333115536619868
2019-02-15,34.16842269897461,0.014494153805658216
2019-02-18,34.041229248046875,-0.0037225438249904874
2019-02-19,34.041229248046875,0.0
2019-02-20,34.12372589111328,0.002423433139422837
2019-02-21,34.1959342956543,0.0021160762095975283
2019-02-22,34.347190856933594,0.004423232305090785
2019-02-25,34.041229248046875,-0.00890790778672823
2019-02-26,34.17186737060547,0.0038376440993559413
2019-02-27,34.39188766479492,0.006438638304522737
2019-02-28,34.37125778198242,-0.0005998473539333693
2019-03-01,34.292179107666016,-0.0023007209924642558
2019-03-04,34.632530212402344,0.009925035783457714
2019-03-05,34.962554931640625,0.009529327404444121
2019-03-06,35.079444885253906,0.00334328980939258
2019-03-07,35.079444885253906,0.0
2019-03-08,34.60503005981445,-0.013524011767896527
2019-03-11,34.90067672729492,0.008543459345923043
2019-03-12,34.83191680908203,-0.0019701600272729047
2019-03-13,35.210086822509766,0.010856996917526285
2019-03-14,35.37510681152344,0.004686724853747659
2019-03-15,35.54698944091797,0.004858858244875863
2019-03-18,35.93889617919922,0.011025033186921052
2019-03-19,35.87625503540039,-0.001742990198877692
2019-03-20,35.054874420166016,-0.02289482596285175
2019-03-21,35.138404846191406,0.002382847675453048
2019-03-22,34.40751266479492,-0.020800380227724125
2019-03-25,34.28221130371094,-0.003641686113864062
2019-03-26,34.515403747558594,0.006802141255760175
2019-03-27,34.35878372192383,-0.004537684877750969
2019-03-28,34.313541412353516,-0.0013167610919080364
2019-03-29,34.47016143798828,0.0045643795186463
2019-04-01,34.80427932739258,0.009692959808307755
2019-04-02,34.79035568237305,-0.00040005554743871574
2019-04-03,34.80427932739258,0.000400215655932179
2019-04-04,34.71378707885742,-0.0026000322455731473
2019-04-05,35.00614547729492,0.008421967841577338
2019-04-08,35.2219352722168,0.006164340345949704
2019-04-09,34.964385986328125,-0.007312184407193167
2019-04-10,35.06183624267578,0.0027871290628629364
2019-04-11,34.859962463378906,-0.005757649938800458
2019-04-12,34.79731750488281,-0.0017970460685924339
2019-04-15,34.85300064086914,0.0016002134641130983
2019-04-16,34.49452209472656,-0.010285442847128068
2019-04-17,34.86692810058594,0.010796091183310264
2019-04-18,35.01310729980469,0.004192488618356194
2019-04-23,35.653499603271484,0.018290073428312015
2019-04-24,34.832130432128906,-0.023037546952816124
2019-04-25,34.7381477355957,-0.0026981610187849503
2019-04-26,34.34834671020508,-0.0112211229095327
2019-04-29,33.826271057128906,-0.015199440528561481
2019-04-30,34.48756408691406,0.01954968753925912
2019-05-02,34.37270736694336,-0.003330380762214591
2019-05-03,34.22653579711914,-0.004252547472149204
2019-05-06,33.40515899658203,-0.023998245262269458
2019-05-07,32.510677337646484,-0.026776752028842887
2019-05-08,32.70209884643555,0.005887958186813869
2019-05-09,32.441070556640625,-0.00798200418329953
2019-05-10,32.625526428222656,0.005685874985536632
2019-05-13,32.62205123901367,-0.00010651749073320449
2019-05-14,32.99445724487305,0.011415775272095807
2019-05-15,33.22416305541992,0.0069619514830046025
2019-05-16,33.83324432373047,0.018332478903819505
2019-05-17,34.22653579711914,0.011624409105597255
2019-05-20,34.26481246948242,0.0011183332309809835
2019-05-21,34.64070129394531,0.010970111825292284
2019-05-22,34.11167907714844,-0.015271694770490729
2019-05-23,32.987491607666016,-0.03295608717881959
2019-05-24,33.10235595703125,0.0034820577063379154
2019-05-27,33.30768585205078,0.00620287858924784
2019-05-28,33.07798767089844,-0.006896251579069146
2019-05-29,32.60116958618164,-0.014414966516729688
2019-05-30,32.60464859008789,0.00010671408266671456
2019-05-31,32.46543884277344,-0.004269628820866234
2019-06-03,32.51416015625,0.0015007132265334455
2019-06-04,32.86915969848633,0.010918305763714775
2019-06-05,32.62900924682617,-0.00730625467347179
2019-06-06,32.88308334350586,0.007786754870725998
2019-06-07,33.26941680908203,0.011748699522499795
2019-06-10,33.58612823486328,0.009519596559167676
2019-06-11,34.051719665527344,0.013862610998452762
2019-06-12,33.120540618896484,-0.027346021163610956
2019-06-13,33.141700744628906,0.0006388822566607555
2019-06-14,33.33216857910156,0.00574707483904624
2019-06-17,33.261619567871094,-0.002116544294531786
2019-06-18,33.99528503417969,0.02205741860559529
2019-06-19,34.083457946777344,0.002593680638623974
2019-06-20,34.3480110168457,0.007761919887397273
2019-06-21,34.6478271484375,0.008728777088278905
2019-06-24,34.56669616699219,-0.0023415893036446978
2019-06-25,34.527896881103516,-0.0011224470427034783
2019-06-26,34.93352508544922,0.011747839891392164
2019-06-27,34.654876708984375,-0.007976531878281845
2019-06-28,34.76069641113281,0.003053529898174645
2019-07-01,35.11341094970703,0.010146935331861062
2019-07-02,34.982906341552734,-0.0037166599491350594
2019-07-03,34.6478271484375,-0.009578369213915972
2019-07-04,34.887672424316406,0.006922375676008841
2019-07-05,34.85945129394531,-0.0008089141066178751
2019-07-08,35.06051254272461,0.005767768605532186
2019-07-09,34.92647171020508,-0.0038231281518257276
2019-07-10,35.10282516479492,0.005049277695528431
2019-07-11,35.17338562011719,0.00201010759079967
2019-07-12,35.18042755126953,0.00020020623628336232
2019-07-15,35.33562469482422,0.004411462689829948
2019-07-16,35.2474479675293,-0.0024954059269209905
2019-07-17,34.277462005615234,-0.027519324599262762
2019-07-18,33.882415771484375,-0.011524955787746038
2019-07-19,34.00233459472656,0.0035392642617624315
2019-07-22,33.998809814453125,-0.00010366289007646134
2019-07-23,34.46794509887695,0.013798579626290275
2019-07-24,34.17870330810547,-0.008391616904974919
2019-07-25,33.8048210144043,-0.010939042664398158
2019-07-26,33.882415771484375,0.0022953754746108945
2019-07-29,33.9035758972168,0.0006245164416591731
2019-07-30,33.32159423828125,-0.017165789847652158
2019-07-31,33.18050003051758,-0.004234317444559044
2019-08-01,32.838356018066406,-0.01031159904571921
2019-08-02,31.55445671081543,-0.03909755124600711
2019-08-05,31.134714126586914,-0.013302164828103202
2019-08-06,30.718505859375,-0.013367981010511398
2019-08-07,30.46102523803711,-0.008381938318113513
2019-08-08,30.975994110107422,0.016905828613649643
2019-08-09,30.67971420288086,-0.009564823203846329
2019-08-12,30.49628448486328,-0.005978860063838298
2019-08-13,31.194683074951172,0.02290110424548719
2019-08-14,30.785511016845703,-0.01311672431876787
2019-08-15,30.54566764831543,-0.0077907873089724244
2019-08-16,30.49981689453125,-0.0015010558718858702
2019-08-19,31.145296096801758,0.021163379586919495
2019-08-20,30.803150177001953,-0.010985476546326312
2019-08-21,31.31107521057129,0.01648938600924521
2019-08-22,31.318134307861328,0.0002254504913219435
2019-08-23,30.74319076538086,-0.01835816708711635
2019-08-26,30.926612854003906,0.005966267132870184
2019-08-27,31.014785766601562,0.0028510368404679465
2019-08-28,31.261699676513672,0.007961167675644587
2019-08-29,31.744930267333984,0.015457591743911259
2019-08-30,32.020050048828125,0.008666573817528445
2019-09-02,31.94244956970215,-0.0024234964969649386
2019-09-03,31.586204528808594,-0.011152715139024827
2019-09-04,32.03062057495117,0.014069941380175699
2019-09-05,32.60908889770508,0.01805985373902752
2019-09-06,32.295166015625,-0.009626852288478704
2019-09-09,32.67963790893555,0.011904936272026934
2019-09-10,33.420345306396484,0.022665716172406203
2019-09-11,33.25809860229492,-0.004854728537784125
2019-09-12,32.859519958496094,-0.011984408626755538
2019-09-13,32.90890884399414,0.0015030312542736457
2019-09-16,33.73074722290039,0.02497312757473069
2019-09-17,33.75897216796875,0.0008367720075053153
2019-09-18,33.87535858154297,0.003447569819221341
2019-09-19,33.97765350341797,0.0030197443262116597
2019-09-20,34.90531539916992,0.02730211771859503
2019-09-23,34.33037185668945,-0.016471518331965584
2019-09-24,33.68136215209961,-0.01890482594534959
2019-09-25,33.28984451293945,-0.01162416286467649
2019-09-26,33.42388916015625,0.004026592769596604
2019-09-27,34.046287536621094,0.018621363105966404
2019-09-30,34.25732421875,0.006198522581996935
2019-10-01,33.867431640625,-0.011381291067432575
2019-10-02,32.518890380859375,-0.03981823227917902
2019-10-03,32.12898254394531,-0.011990195001966075
2019-10-04,32.19337844848633,0.002004293302874993
2019-10-07,32.34718322753906,0.004777528375869089
2019-10-08,31.814205169677734,-0.016476799667909603
2019-10-09,32.10752487182617,0.009219771500939444
2019-10-10,32.404422760009766,0.009246987719197186
2019-10-11,33.2056770324707,0.024726694821725514
2019-10-14,32.79431915283203,-0.012388179263335575
2019-10-15,33.23429870605469,0.01341633443195489
2019-10-16,33.19852828979492,-0.0010763102473183572
2019-10-17,33.06259536743164,-0.004094546637028684
2019-10-18,33.14844512939453,0.0025965826641503043
2019-10-21,33.25217819213867,0.003129349275334592
2019-10-22,33.75654602050781,0.01516796359789696
2019-10-23,33.85313034057617,0.0028612026837604443
2019-10-24,33.98188781738281,0.003803414204573974
2019-10-25,34.12140655517578,0.004105679429663667
2019-10-28,34.23228454589844,0.00324951407097962
2019-10-29,34.103515625,-0.003761622182293589
2019-10-30,34.09994125366211,-0.00010480946824353854
2019-10-31,33.72077178955078,-0.011119358279557345
2019-11-01,34.16075134277344,0.013047730816143188
2019-11-04,34.708030700683594,0.016020706114414196
2019-11-05,35.27321243286133,0.016283889369920423
2019-11-06,35.287513732910156,0.0004054436514975279
2019-11-07,35.47710037231445,0.005372626726815266
2019-11-08,35.26605224609375,-0.00594885500804343
2019-11-11,35.348323822021484,0.002332883061410662
2019-11-12,35.37336730957031,0.0007084773715133608
2019-11-13,35.348323822021484,-0.000707975786688908
2019-11-14,35.112239837646484,-0.006678788662333179
2019-11-15,35.251747131347656,0.00397318127086832
2019-11-18,35.07289123535156,-0.0050736746558880386
2019-11-19,34.95486068725586,-0.00336529279276343
2019-11-20,34.88330841064453,-0.002046990753346467
2019-11-21,34.95126724243164,0.001948176216174824
2019-11-22,35.130130767822266,0.005117511881614467
2019-11-25,35.008506774902344,-0.003462099066005364
2019-11-26,34.42902755737305,-0.016552525969051768
2019-11-27,34.36464309692383,-0.0018700632872051814
2019-11-28,34.332454681396484,-0.0009366724815549343
2019-11-29,34.08205032348633,-0.007293517467186539
2019-12-02,33.68142318725586,-0.011754783894394771
2019-12-03,33.36306381225586,-0.009452076096370443
2019-12-04,33.77442932128906,0.012329967995388103
2019-12-05,33.717193603515625,-0.0016946464802992667
2019-12-06,34.307411193847656,0.017504944132434863
2019-12-09,34.04270553588867,-0.007715698991780928
2019-12-10,34.08562469482422,0.001260744651752299
2019-12-11,33.90678787231445,-0.0052466934113993835
2019-12-12,34.07132339477539,0.004852583591242521
2019-12-13,34.21083068847656,0.00409456633323968
2019-12-16,34.53990936279297,0.009619137205786998
2019-12-17,34.901187896728516,0.010459741805944667
2019-12-18,34.776004791259766,-0.0035867863821472667
2019-12-19,35.05500793457031,0.008022863609124853
2019-12-20,35.1050910949707,0.001428702012958416
2019-12-23,35.30897903442383,0.005807930789911486
2019-12-24,35.39482116699219,0.002431170056904408
2019-12-25,35.39482116699219,0.0
2019-12-27,35.26248550415039,-0.0037388425334158315
2019-12-30,35.187355041503906,-0.0021306059845850323
2019-12-31,35.19808578491211,0.00030496021640580295
2020-01-02,35.63806915283203,0.012500207272877484
2020-01-03,36.04226303100586,0.011341632355009512
2020-01-06,36.5641975402832,0.01448118029737322
2020-01-07,36.32498550415039,-0.006542247669165113
2020-01-08,36.41921615600586,0.0025941001915803508
2020-01-09,36.21624755859375,-0.005573118228098917
2020-01-10,36.089393615722656,-0.0035026804658836452
2020-01-13,35.92628860473633,-0.004519472195156804
2020-01-14,35.636329650878906,-0.008070940949330252
2020-01-15,35.21588134765625,-0.011798305474825632
2020-01-16,35.368106842041016,0.004322637644134764
2020-01-17,35.1615104675293,-0.005841318435120257
2020-01-20,35.20863342285156,0.001340185751285805
2020-01-21,34.87880325317383,-0.00936787763718383
2020-01-22,34.65045166015625,-0.006547001953021381
2020-01-23,34.30250549316406,-0.010041605529554576
2020-01-24,34.34961700439453,0.0013734131240021874
2020-01-27,33.42536163330078,-0.026907297713843703
2020-01-28,33.68996047973633,0.007916110208122218
2020-01-29,33.476112365722656,-0.0063475323499502245
2020-01-30,32.56272506713867,-0.02728474825885796
2020-01-31,32.00093078613281,-0.017252680168737045
2020-02-03,31.721837997436523,-0.00872139596693322
2020-02-04,32.47573471069336,0.02376585850157098
2020-02-05,32.93605041503906,0.014174142893036201
2020-02-06,33.273136138916016,0.010234552098057126
2020-02-07,32.809200286865234,-0.01394325590812484
2020-02-10,32.3126335144043,-0.015134985556466973
2020-02-11,32.613460540771484,0.009309888846821712
2020-02-12,32.972293853759766,0.011002613860607857
2020-02-13,32.90705108642578,-0.001978714845359275
2020-02-14,32.80194091796875,-0.0031941533801060906
2020-02-17,32.76932144165039,-0.0009944373840540255
2020-02-18,32.39962387084961,-0.011281819535356341
2020-02-19,32.656951904296875,0.007942315456284987
2020-02-20,32.43948745727539,-0.006659055249821799
2020-02-21,32.10966491699219,-0.010167316629696943
2020-02-24,30.565614700317383,-0.04808677451684351
2020-02-25,29.82259178161621,-0.02430911094006094
2020-02-26,29.75371742248535,-0.0023094692652875226
2020-02-27,28.76422882080078,-0.033255965553292466
2020-02-28,27.821849822998047,-0.032762185409999756
2020-03-02,28.34378433227539,0.018759878031039623
2020-03-03,28.50325584411621,0.005626330978648841
2020-03-04,28.956331253051758,0.01589556685781468
2020-03-05,28.307540893554688,-0.022405820469010296
2020-03-06,26.93021583557129,-0.04865576501903068
2020-03-09,22.45755386352539,-0.16608340606532002
2020-03-10,22.845375061035156,0.017269075691259905
2020-03-11,22.44668197631836,-0.017451807363705885
2020-03-12,19.122989654541016,-0.1480705400149518
2020-03-13,18.865646362304688,-0.013457272993672276
2020-03-16,17.640560150146484,-0.0649374099689497
2020-03-17,18.231355667114258,0.033490745868569594
2020-03-18,15.799304962158203,-0.13339933405736748
2020-03-19,16.310354232788086,0.032346313452011
2020-03-20,18.122623443603516,0.11111157887498813
2020-03-23,19.209983825683594,0.06000016418505161
2020-03-24,22.091480255126953,0.14999994042633302
2020-03-25,23.813125610351562,0.0779325484459128
2020-03-26,23.92186164855957,0.004566222846476675
2020-03-27,23.378183364868164,-0.022727256418362596
2020-03-30,24.859220504760742,0.06335125004273112
2020-03-31,26.20696258544922,0.05421497751429394
2020-04-01,26.06627082824707,-0.005368487734639826
2020-04-02,26.866029739379883,0.03068175407224505
2020-04-03,24.82959747314453,-0.07579952400820789
2020-04-06,25.040647506713867,0.008499937777791455
2020-04-07,25.373886108398438,0.013307906738243114
2020-04-08,25.088783264160156,-0.011236073300727734
2020-04-09,24.89995002746582,-0.0075266000230505
2020-04-14,24.185348510742188,-0.028698913690003103
2020-04-15,22.722824096679688,-0.06047150461416351
2020-04-16,22.226673126220703,-0.0218349166612386
2020-04-17,22.970895767211914,0.033483312449187785
2020-04-20,22.859819412231445,-0.004835525619293235
2020-04-21,21.993410110473633,-0.037900968775555155
2020-04-22,23.041244506835938,0.04764310723525811
2020-04-23,24.00762176513672,0.0419411919357946
2020-04-24,23.592931747436523,-0.01727326520540229
2020-04-27,23.881732940673828,0.012241004904728792
2020-04-28,24.285314559936523,0.016899176465345223
2020-04-29,25.04435157775879,0.03125497987472836
2020-04-30,24.3260498046875,-0.02868118868404612
2020-05-04,22.57842254638672,-0.07184180219691993
2020-05-05,24.370479583740234,0.07937033836937846
2020-05-06,23.844707489013672,-0.021574138207659743
2020-05-07,24.11870002746582,0.011490706630743475
2020-05-08,24.4260196685791,0.012741965394623689
2020-05-11,23.981704711914062,-0.018190231674814927
2020-05-12,23.92987060546875,-0.00216140207995974
2020-05-13,23.022733688354492,-0.03790814133808762
2020-05-14,22.81538963317871,-0.009006057142582513
2020-05-15,22.852413177490234,0.0016227443364666971
2020-05-18,24.54450035095215,0.07404413530946607
2020-05-19,24.4038028717041,-0.005732342367384513
2020-05-20,24.71111488342285,0.012592791924043611
2020-05-21,24.266807556152344,-0.017980059959519124
2020-05-22,24.192752838134766,-0.0030516876950632543
2020-05-25,24.633365631103516,0.01821259432180944
2020-05-26,24.71482276916504,0.0033067807006716965
2020-05-27,25.20726203918457,0.01992485540434119
2020-05-28,25.414613723754883,0.008225870951314995
2020-05-29,24.89995002746582,-0.020250699140393014
2020-06-01,25.581226348876953,0.027360549746471508
2020-06-02,26.321741104125977,0.028947586216152343
2020-06-03,26.97340202331543,0.02475751572099849
2020-06-04,26.74384117126465,-0.008510637696066414
2020-06-05,28.387788772583008,0.06147013777081223
2020-06-08,28.7691593170166,0.013434316687671144
2020-06-09,27.917572021484375,-0.029600701436851673
2020-06-10,27.410310745239258,-0.018169963915728338
2020-06-11,25.714521408081055,-0.06186684101904005
2020-06-12,25.988515853881836,0.010655241894359069
2020-06-15,25.6885986328125,-0.011540375093198607
2020-06-16,26.53278923034668,0.032862462043993235
2020-06-17,26.617950439453125,0.0032096591265664554
2020-06-18,26.421714782714844,-0.0073723052864138605
2020-06-19,26.429115295410156,0.0002800920665511075
2020-06-22,26.240291595458984,-0.0071445335131579135
2020-06-23,26.795679092407227,0.02116544684451438
2020-06-24,25.8663272857666,-0.034682898068590595
2020-06-25,26.073673248291016,0.008016057333292581
2020-06-26,26.025537490844727,-0.0018461440775109361
2020-06-29,26.089723587036133,0.002466273605837621
2020-06-30,25.655519485473633,-0.016642725252108637
2020-07-01,25.795225143432617,0.005445442569895542
2020-07-02,26.31249237060547,0.020052828548563717
2020-07-03,26.157686233520508,-0.005883370336209559
2020-07-06,26.49371910095215,0.01284642932221658
2020-07-07,26.191669464111328,-0.011400801665099713
2020-07-08,25.88583755493164,-0.011676686344822329
2020-07-09,25.04009246826172,-0.03267211597365505
2020-07-10,25.160911560058594,0.00482502578415045
2020-07-13,25.45541763305664,0.01170490474063568
2020-07-14,25.708383560180664,0.009937606633313223
2020-07-15,25.923595428466797,0.008371271876442377
2020-07-16,25.995330810546875,0.002767184909902687
2020-07-17,25.542253494262695,-0.017429180631944763
2020-07-20,25.07407569885254,-0.01832954149935595
2020-07-21,25.489395141601562,0.016563699006780563
2020-07-22,24.6889591217041,-0.03140270749661922
2020-07-23,24.564359664916992,-0.005046768321535833
2020-07-24,24.654977798461914,0.003689008579138564
2020-07-27,24.458642959594727,-0.007963294084954997
2020-07-28,24.469968795776367,0.0004630606939375337
2020-07-29,24.503948211669922,0.001388617050440244
2020-07-30,24.111286163330078,-0.016024440018724828
2020-07-31,23.635549545288086,-0.019730868557543912
2020-08-03,24.466190338134766,0.0351437055125412
2020-08-04,25.070297241210938,0.024691498542565027
2020-08-05,25.55358123779297,0.019277154631720972
2020-08-06,24.953250885009766,-0.02349300269096266
2020-08-07,24.764469146728516,-0.00756541659245924
2020-08-10,25.100502014160156,0.013569152863348588
2020-08-11,25.817873001098633,0.028579945792868156
2020-08-12,25.99155616760254,0.006727245365895085
2020-08-13,25.666854858398438,-0.012492569013964228
2020-08-14,25.296836853027344,-0.014416180222019737
2020-08-17,25.13825798034668,-0.006268723382373609
2020-08-18,24.772022247314453,-0.014568858881094826
2020-08-19,24.979684829711914,0.008382948324696216
2020-08-20,24.556812286376953,-0.016928658076261205
2020-08-21,24.435985565185547,-0.0049202933907849244
2020-08-24,25.39122772216797,0.03909161570071373
2020-08-25,25.1156063079834,-0.010854985713980914
2020-08-26,25.194894790649414,0.0031569408157514633
2020-08-27,25.130704879760742,-0.0025477348257272325
2020-08-28,25.145811080932617,0.0006011053507710695
2020-08-31,24.99478530883789,-0.006006001222575219
2020-09-01,24.88151741027832,-0.004531661190925296
2020-09-02,25.13825798034668,0.010318525427323921
2020-09-03,25.07784652709961,-0.002403167844577836
2020-09-04,24.892841339111328,-0.0073772358319667
2020-09-07,25.353471755981445,0.018504533516082722
2020-09-08,24.42843246459961,-0.03648570500659731
2020-09-09,24.722942352294922,0.01205602889674151
2020-09-10,24.719165802001953,-0.00015275488811783422
2020-09-11,24.55303382873535,-0.0067207758788181415
2020-09-14,24.183021545410156,-0.015069921130974717
2020-09-15,24.402006149291992,0.009055303675375326
2020-09-16,24.307619094848633,-0.0038680038791031324
2020-09-17,23.813005447387695,-0.020348091087446618
2020-09-18,23.492076873779297,-0.013477029361852577
2020-09-21,22.450000762939453,-0.04435861999085133
2020-09-22,22.60857582092285,0.007063476730262419
2020-09-23,22.427343368530273,-0.008016093266027813
2020-09-24,21.917633056640625,-0.02272718188302525
2020-09-25,21.68195915222168,-0.01075270782250548
2020-09-28,22.25375747680664,0.02637207830577304
2020-09-29,21.890588760375977,-0.016319433552251406
2020-09-30,22.562833786010742,0.03070931682073308
2020-10-01,22.014219284057617,-0.024314964474598688
2020-10-02,21.797863006591797,-0.009828024090888454
2020-10-05,22.29625701904297,0.0228643519917735
2020-10-06,22.81009864807129,0.02304609372727695
2020-10-07,22.539655685424805,-0.01185628202749367
2020-10-08,22.79078483581543,0.011141658679063804
2020-10-09,23.14236068725586,0.015426228362611427
2020-10-12,22.933732986450195,-0.009014970582519322
2020-10-13,22.57056427001953,-0.01583556923093299
2020-10-14,22.539655685424805,-0.0013694201095265646
2020-10-15,21.801729202270508,-0.03273903086423258
2020-10-16,21.987173080444336,0.00850592521599225
2020-10-19,21.797863006591797,-0.008610023360434371
2020-10-20,21.813316345214844,0.0007089382394216415
2020-10-21,21.46173858642578,-0.016117574843963922
2020-10-22,21.34197235107422,-0.005580453553157727
2020-10-23,21.69740867614746,0.016654333499563023
2020-10-26,20.905397415161133,-0.03650257377771604
2020-10-27,20.23314666748047,-0.03215680306527591
2020-10-28,19.526123046875,-0.0349438291643398
2020-10-29,19.417943954467773,-0.005540223840007963
2020-10-30,19.95111083984375,0.027457432497805856
2020-11-02,20.93243980407715,0.04918668299278939
2020-11-03,21.4462833404541,0.02454771355782759
2020-11-04,21.558324813842773,0.00522428392883012
2020-11-05,21.253108978271484,-0.014157678678971775
2020-11-06,21.349699020385742,0.004544748827713052
2020-11-09,24.567991256713867,0.15074180826882588
2020-11-10,25.541595458984375,0.0396289705616224
2020-11-11,25.1088809967041,-0.01694155962086008
2020-11-12,24.88479995727539,-0.008924373788625761
2020-11-13,25.22478675842285,0.01366242853995936
2020-11-16,26.453384399414062,0.048705967378731785
2020-11-17,26.762462615966797,0.011683881800756746
2020-11-18,26.866775512695312,0.0038977316185500044
2020-11-19,26.356794357299805,-0.01898185195891955
2020-11-20,26.658143997192383,0.011433470846545335
2020-11-23,27.90991973876953,0.046956597642693554
2020-11-24,29.490089416503906,0.05661677613280158
2020-11-25,29.188735961914062,-0.010218804369619638
2020-11-26,28.871929168701172,-0.010853734592216169
2020-11-27,29.130786895751953,0.008965723264914294
2020-11-30,27.681976318359375,-0.04973468731130826
2020-12-01,28.072187423706055,0.014096215561310244
2020-12-02,28.365812301635742,0.010459636561193975
2020-12-03,28.17650604248047,-0.006673747155280907
2020-12-04,29.123064041137695,0.03359387417411308
2020-12-07,28.713523864746094,-0.014062400021272015
2020-12-08,28.55126190185547,-0.005651064064966516
2020-12-09,28.508764266967773,-0.00148846783143175
2020-12-10,29.103744506835938,0.02087008171580229
2020-12-11,28.6053524017334,-0.017124672908857996
2020-12-14,28.28081703186035,-0.011345267323236374
2020-12-15,28.249910354614258,-0.0010928495174405972
2020-12-16,28.19195556640625,-0.002051503437728308
2020-12-17,28.11469078063965,-0.002740667832871857
2020-12-18,27.80946922302246,-0.010856301426134474
2020-12-21,26.7740535736084,-0.037232485133404825
2020-12-22,26.959495544433594,0.0069261821081880726
2020-12-23,27.712886810302734,0.02794530278311136
2020-12-24,27.732202529907227,0.0006969941362193754
2020-12-28,27.705150604248047,-0.0009754697857123906
2020-12-29,27.639474868774414,-0.002370524398577434
2020-12-30,27.500389099121094,-0.005032142264412287
2020-12-31,27.276304244995117,-0.008148424857491898
2021-01-04,27.232995986938477,-0.001587761218222461
2021-01-05,27.94955062866211,0.02631200188430638
2021-01-06,29.177928924560547,0.04394984063317087
2021-01-07,29.496835708618164,0.010929726536867967
2021-01-08,29.516517639160156,0.0006672556587568046
2021-01-11,29.06768798828125,-0.015206050265341386
2021-01-12,29.173994064331055,0.0036571906266733567
2021-01-13,29.477153778076172,0.010391436739056958
2021-01-14,29.764551162719727,0.009749834967353932
2021-01-15,29.209426879882812,-0.018650517516696552
2021-01-18,29.118871688842773,-0.0031002043077540398
2021-01-19,29.252744674682617,0.004597464739375168
2021-01-20,29.406282424926758,0.0052486613461957266
2021-01-21,28.721229553222656,-0.023296139981414443
2021-01-22,28.520431518554688,-0.006991275714567702
2021-01-25,27.835376739501953,-0.024019790114572892
2021-01-26,28.331445693969727,0.017821528305876688
2021-01-27,28.209396362304688,-0.004307910474579679
2021-01-28,28.201526641845703,-0.0002789751456540035
2021-01-29,27.477096557617188,-0.02568761944800535
2021-02-01,27.209375381469727,-0.009743430336100922
2021-02-02,27.45741081237793,0.009115807600534653
2021-02-03,27.670013427734375,0.00774299575474191
2021-02-04,27.50859832763672,-0.005833575054787099
2021-02-05,27.614900588989258,0.0038643285305359765
2021-02-08,27.70151138305664,0.0031363789917793206
2021-02-09,27.217248916625977,-0.01748144567761234
2021-02-10,27.358980178833008,0.005207405885921501
2021-02-11,27.276304244995117,-0.003021893846096413
2021-02-12,27.540090560913086,0.00967089652427422
2021-02-15,28.772411346435547,0.044746431853476265
2021-02-16,28.658227920532227,-0.003968503874370866
2021-02-17,29.10706329345703,0.015661658291273417
2021-02-18,28.799968719482422,-0.010550517270618731
2021-02-19,29.095247268676758,0.010252738538378603
2021-02-22,29.50470733642578,0.014073091181109776
2021-02-23,30.166149139404297,0.02241817874810481
2021-02-24,30.689777374267578,0.017358139828967944
2021-02-25,31.067739486694336,0.012315570354826555
2021-02-26,30.217329025268555,-0.02737278203938831
2021-03-01,30.579544067382812,0.011986997322343207
2021-03-02,30.642536163330078,0.0020599422871858675
2021-03-03,30.953577041625977,0.010150624499160044
2021-03-04,31.937850952148438,0.03179838986618
2021-03-05,32.264617919921875,0.010231338616459196
2021-03-08,32.221317291259766,-0.0013420468443041678
2021-03-09,32.0205192565918,-0.006231838160211889
2021-03-10,32.52841567993164,0.01586159235176332
2021-03-11,32.867000579833984,0.010408896124358025
2021-03-12,33.22134780883789,0.010781246318574134
2021-03-15,32.51266098022461,-0.021332272028552368
2021-03-16,32.099273681640625,-0.012714655956195697
2021-03-17,31.977216720581055,-0.0038024835786044653
2021-03-18,31.839414596557617,-0.004309384560500118
2021-03-19,31.677993774414062,-0.005069842652226653
2021-03-22,31.284292221069336,-0.012428235075376382
2021-03-23,31.055931091308594,-0.007299545987712874
2021-03-24,31.54806900024414,0.015846825119768537
2021-03-25,31.01966667175293,-0.016749117940851543
2021-03-26,31.351926803588867,0.010711273443131386
2021-03-29,31.820281982421875,0.014938640989025087
2021-03-30,32.22459411621094,0.012706114107109867
2021-03-31,31.844303131103516,-0.011801265323497456
2021-04-01,31.30389404296875,-0.01697035372103739
2021-04-06,31.079715728759766,-0.007161355513830681
2021-04-07,31.155780792236328,0.002447418249909461
2021-04-08,30.631376266479492,-0.016831692624038275
2021-04-09,30.299121856689453,-0.010846865217532864
2021-04-12,30.159015655517578,-0.004624101049349183
2021-04-13,30.323139190673828,0.005441939386580108
2021-04-14,30.659391403198242,0.011088964450878258
2021-04-15,30.423213958740234,-0.007703265904794532
2021-04-16,30.383180618286133,-0.001315881369680194
2021-04-19,30.455238342285156,0.0023716320191855544
2021-04-20,29.510522842407227,-0.031019803202992913
2021-04-21,29.54654312133789,0.0012205910116545038
2021-04-22,29.538537979125977,-0.0002709332925696639
2021-04-23,29.442462921142578,-0.003252532608461922
2021-04-26,29.510522842407227,0.0023116245895236087
2021-04-27,29.454477310180664,-0.0018991711033334857
2021-04-28,29.978872299194336,0.017803574766964925
2021-04-29,29.70266342163086,-0.009213451220141389
2021-04-30,29.482492446899414,-0.007412499397986827
2021-05-03,29.814746856689453,0.011269549560250391
2021-05-04,30.155006408691406,0.011412458191829566
2021-05-05,31.2358341217041,0.035842397058857056
2021-05-06,31.33591079711914,0.0032039059698265593
2021-05-07,31.263851165771484,-0.0022995863057626575
2021-05-10,31.49603843688965,0.007426700884898274
2021-05-11,30.759471893310547,-0.023386005991039127
2021-05-12,31.464004516601562,0.022904574751305695
2021-05-13,31.07170867919922,-0.01246808355863771
2021-05-14,31.824281692504883,0.024220522311007242
2021-05-17,31.8723201751709,0.0015094914986668595
2021-05-18,31.78025245666504,-0.0028886418685509785
2021-05-19,30.7314510345459,-0.03300167056725767
2021-05-20,30.85955238342285,0.004168411987216292
2021-05-21,31.223827362060547,0.011804285885668842
2021-05-24,31.255847930908203,0.0010255170987323314
2021-05-25,30.68741798400879,-0.01818635501925725
2021-05-26,30.79949951171875,0.0036523609698400072
2021-05-27,30.459238052368164,-0.011047629498691092
2021-05-28,30.53929901123047,0.0026284622985202066
2021-05-31,30.347152709960938,-0.006291771831398951
2021-06-01,31.079715728759766,0.024139431656083454
2021-06-02,31.776241302490234,0.02241093772572489
2021-06-03,31.776241302490234,0.0
2021-06-04,31.776241302490234,0.0
2021-06-07,31.616127014160156,-0.00503880515023436
2021-06-08,31.732208251953125,0.0036715831050708747
2021-06-09,32.03644561767578,0.00958765186800159
2021-06-10,31.880319595336914,-0.004873387772229232
2021-06-11,32.28864288330078,0.012808004848972487
2021-06-14,32.732975006103516,0.0137612511126175
2021-06-15,32.75699234008789,0.0007337351395617642
2021-06-16,32.7850227355957,0.0008557072400541266
2021-06-17,32.60087585449219,-0.00561679894470779
2021-06-18,31.65215492248535,-0.029101087229719602
2021-06-21,31.992416381835938,0.01075002508309053
2021-06-22,32.188560485839844,0.006130956213587835
2021-06-23,32.05645751953125,-0.004104034610889373
2021-06-24,32.76873779296875,0.022219556637021576
2021-06-25,32.50824737548828,-0.007949357681282465
2021-06-28,31.572114944458008,-0.02879676717780033
2021-06-29,31.425588607788086,-0.004641004789438186
2021-06-30,31.059274673461914,-0.011656549663970006
2021-07-01,31.5517578125,0.015856234384600043
2021-07-02,31.433731079101562,-0.003740734006004498
2021-07-05,31.51106071472168,0.002460084532298179
2021-07-06,30.85576629638672,-0.020795695335917852
2021-07-07,30.501663208007812,-0.011476075005804387
2021-07-08,30.200469970703125,-0.009874649629781906
2021-07-09,30.485393524169922,0.009434407932830124
2021-07-12,30.501663208007812,0.0005336878405388656
2021-07-13,30.273738861083984,-0.00747252192018133
2021-07-14,30.204544067382812,-0.002285637529565898
2021-07-15,29.830089569091797,-0.012397290204270273
2021-07-16,29.537038803100586,-0.009823998862371952
2021-07-19,28.401470184326172,-0.03844558103282891
2021-07-20,28.381120681762695,-0.0007164946895850122
2021-07-21,29.13816261291504,0.026674138052582563
2021-07-22,29.011991500854492,-0.0043300984257883535
2021-07-23,29.007923126220703,-0.00014023079503755476
2021-07-26,29.67949867248535,0.023151452220224744
2021-07-27,29.671361923217773,-0.00027415386484008764
2021-07-28,29.88300132751465,0.007132783619590688
2021-07-29,30.530153274536133,0.021656189749107435
2021-07-30,29.874866485595703,-0.02146359315814428
2021-08-02,29.866722106933594,-0.00027261640369291573
2021-08-03,30.680753707885742,0.027255471760095462
2021-08-04,30.59935188293457,-0.0026531885665589394
2021-08-05,30.66853904724121,0.0022610663314481805
2021-08-06,30.880197525024414,0.006901485507906591
2021-08-09,30.782508850097656,-0.003163473123758198
2021-08-10,30.631912231445312,-0.004892278903766645
2021-08-11,31.063344955444336,0.014084420219647065
2021-08-12,31.197660446166992,0.004323922324376506
2021-08-13,31.112186431884766,-0.0027397571824244737
2021-08-16,30.729591369628906,-0.012297273388146235
2021-08-17,30.790645599365234,0.0019868220505097067
2021-08-18,30.70924186706543,-0.002643781275618373
2021-08-19,29.55332374572754,-0.03764072478056102
2021-08-20,29.68357276916504,0.004407254647840642
2021-08-23,30.184194564819336,0.016865280993881404
2021-08-24,30.249317169189453,0.002157506778266649
2021-08-25,30.391773223876953,0.0047093973688965285
2021-08-26,30.371427536010742,-0.0006694472124524342
2021-08-27,30.729591369628906,0.0117927889031062
2021-08-30,30.692968368530273,-0.001191782886342807
2021-08-31,30.3999080657959,-0.009548125134578145
2021-09-01,30.200469970703125,-0.006560483494263192
2021-09-02,30.59121322631836,0.012938317052492376
2021-09-03,30.334794998168945,-0.008382087570453445
2021-09-06,30.660396575927734,0.0107336007307266
2021-09-07,30.619701385498047,-0.0013272884559373255
2021-09-08,30.330718994140625,-0.009437792606765583
2021-09-09,30.07430076599121,-0.008454076812321798
2021-09-10,29.817886352539062,-0.008526030761190961
2021-09-13,30.729591369628906,0.030575776106686048
2021-09-14,30.80693244934082,0.0025168274703566418
2021-09-15,31.49478530883789,0.022327859504615688
2021-09-16,31.519203186035156,0.0007752990521390224
2021-09-17,31.250572204589844,-0.00852277197046436
2021-09-20,30.80693244934082,-0.01419621222755929
2021-09-21,31.560840606689453,0.024472029423519004
2021-09-22,32.36860656738281,0.025593930489993033
2021-09-23,32.832557678222656,0.014333366803233272
2021-09-24,32.886409759521484,0.0016402036608480497
2021-09-27,34.01727294921875,0.034386945792094226
2021-09-28,34.46051025390625,0.013029771826482683
2021-09-29,33.996559143066406,-0.013463268750852353
2021-09-30,34.24510955810547,0.007311046214797612
2021-10-01,34.19540786743164,-0.001451351486830399
2021-10-04,34.87060546875,0.0197452711760584
2021-10-05,35.91448974609375,0.029935937828187376
2021-10-06,35.42154312133789,-0.013725563922552309
2021-10-07,35.37183380126953,-0.001403364045944544
2021-10-08,35.91448974609375,0.015341470500880305
2021-10-11,36.6352653503418,0.020069214663600787
2021-10-12,36.2044563293457,-0.011759407687545909
2021-10-13,35.85235595703125,-0.009725332404150966
2021-10-14,36.28730010986328,0.012131536163294543
2021-10-15,36.829952239990234,0.014954326403012086
2021-10-18,36.99150848388672,0.004386545028452815
2021-10-19,37.1406364440918,0.004031410621441411
2021-10-20,37.16962814331055,0.0007805924182906487
2021-10-21,36.6352653503418,-0.014376328730232979
2021-10-22,36.29145050048828,-0.00938480577568157
2021-10-25,36.39086151123047,0.0027392404924915237
2021-10-26,36.241737365722656,-0.004097845978771164
2021-10-27,36.150604248046875,-0.002514590201792455
2021-10-28,35.868919372558594,-0.00779198249510582
2021-10-29,35.93105697631836,0.0017323522661600865
2021-11-01,36.06361389160156,0.0036892016666965066
2021-11-02,36.18374252319336,0.0033310203451288878
2021-11-03,35.54996109008789,-0.017515640696902035
2021-11-04,35.83163833618164,0.007923419251569586
2021-11-05,35.96419143676758,0.0036993312821000934
2021-11-08,36.03875732421875,0.002073336963025474
2021-11-09,36.06775665283203,0.0008046706037168061
2021-11-10,36.38258361816406,0.008728764817905965
2021-11-11,36.34115219116211,-0.0011387708865532309
2021-11-12,35.76950454711914,-0.015730036324549723
2021-11-15,36.15474319458008,0.010770030290843557
2021-11-16,36.337013244628906,0.0050413869369192454
2021-11-17,36.071903228759766,-0.007295867001626211
2021-11-18,35.68251419067383,-0.010794801583285496
2021-11-19,34.70905303955078,-0.02728118164323401
2021-11-22,35.12329864501953,0.011934799978458699
2021-11-23,35.529258728027344,0.011558142277885874
2021-11-24,35.71980667114258,0.0053631274599297285
2021-11-25,35.69493865966797,-0.0006961966984748713
2021-11-26,33.57818603515625,-0.05930119798478484
2021-11-29,34.13325881958008,0.016530755528088026
2021-11-30,33.64445877075195,-0.014320345192113115
2021-12-01,34.74219512939453,0.032627552909154645
2021-12-02,34.81675338745117,0.002146043385541807
2021-12-03,35.07358169555664,0.007376572572617812
2021-12-06,35.98904800415039,0.02610130657713028
2021-12-07,36.68497085571289,0.01933707308629673
2021-12-08,36.64354705810547,-0.0011291762441449915
2021-12-09,36.41571807861328,-0.006217437933367154
2021-12-10,36.52756881713867,0.003071496167779353
2021-12-13,36.00148391723633,-0.014402406646223498
2021-12-14,36.229305267333984,0.006328109991837971
2021-12-15,35.860633850097656,-0.010176055392614458
2021-12-16,37.01222229003906,0.03211288581108751
2021-12-17,36.17131805419922,-0.02271963648251818
2021-12-20,35.92691421508789,-0.006756840841274037
2021-12-21,36.78439712524414,0.023867424433466677
2021-12-22,37.04121780395508,0.006981783005346243
2021-12-23,37.38089370727539,0.00917021424938258
2021-12-24,37.095069885253906,-0.007646254374219397
2021-12-27,37.24419403076172,0.0040200529603826585
2021-12-28,37.49273681640625,0.0066733296856753554
2021-12-29,37.07849884033203,-0.011048485953496834
2021-12-30,37.19862747192383,0.0032398461466602857
2021-12-31,36.974937438964844,-0.006013394798714433
2022-01-03,37.83267593383789,0.023197834919638005
2022-01-04,38.152217864990234,0.008446188995755
2022-01-05,38.61051940917969,0.012012448288360345
2022-01-06,38.62733459472656,0.0004355078824160863
2022-01-07,39.06881332397461,0.01142917920379416
2022-01-10,39.30426788330078,0.006026662682935502
2022-01-11,40.0274543762207,0.018399693770334347
2022-01-12,41.255184173583984,0.03067219278607536
2022-01-13,41.04075622558594,-0.005197600066353503
2022-01-14,41.65461730957031,0.014957353139649854
2022-01-17,41.77234649658203,0.0028263178157843516
2022-01-18,42.39883041381836,0.014997575424392062
2022-01-19,43.105194091796875,0.016659980265594898
2022-01-20,42.61745834350586,-0.01131501106925381
2022-01-21,41.726104736328125,-0.020915222113745857
2022-01-24,40.29233932495117,-0.034361352933303446
2022-01-25,41.29302978515625,0.02483574984650727
2022-01-26,42.94541931152344,0.04001618517615246
2022-01-27,43.50883483886719,0.013119339300351696
2022-01-28,43.088375091552734,-0.009663778606611828
2022-01-31,42.230648040771484,-0.01990622874403547
2022-02-01,43.138832092285156,0.021505330693406988
2022-02-02,42.25586700439453,-0.020467987774952623
2022-02-03,41.801780700683594,-0.01074611257328395
2022-02-04,42.86132049560547,0.025346762199164985
2022-02-07,43.07996368408203,0.00510117714406344
2022-02-08,43.13042449951172,0.001171329107882535
2022-02-09,44.0638427734375,0.021641759494770207
2022-02-10,43.668601989746094,-0.008969730255339092
2022-02-11,43.93769454956055,0.0061621519250292245
2022-02-14,42.995872497558594,-0.02143539986923082
2022-02-15,42.88656234741211,-0.002542340550309552
2022-02-16,43.23973083496094,0.00823494512541978
2022-02-17,42.59224319458008,-0.014974367968482838
2022-02-18,42.600643157958984,0.00019721814933615356
2022-02-21,41.99518966674805,-0.014212308696044174
2022-02-22,41.948936462402344,-0.001101392914587218
2022-02-23,41.65461730957031,-0.007016129076259703
2022-02-24,40.04427719116211,-0.038659342527154195
2022-02-25,40.59086608886719,0.013649613279215655
2022-02-28,38.33722686767578,-0.05552084590305184
2022-03-01,37.29447937011719,-0.027199345981850143
2022-03-02,40.34279251098633,0.08173631036961604
2022-03-03,38.82915496826172,-0.03751940429786582
2022-03-04,37.42061996459961,-0.036275190763574994
2022-03-07,37.74858093261719,0.00876417783371397
2022-03-08,38.45915222167969,0.018823788113542683
2022-03-09,38.87119674682617,0.010713822363307646
2022-03-10,38.42972183227539,-0.01135737902350098
2022-03-11,38.33722686767578,-0.002406860112162623
2022-03-14,38.471763610839844,0.003509297728508942
2022-03-15,38.475975036621094,0.00010946796782840273
2022-03-16,38.29517364501953,-0.004699072380348501
2022-03-17,38.69040298461914,0.010320604451705018
2022-03-18,38.265743255615234,-0.01097584145537911
2022-03-21,38.49279022216797,0.005933426277285658
2022-03-22,39.23081970214844,0.019173187387061308
2022-03-23,39.53371047973633,0.007720735378142107
2022-03-24,39.832340240478516,0.007553800468469873
2022-03-25,40.61302947998047,0.019599381678021555
2022-03-28,39.836605072021484,-0.019117618604189812
2022-03-29,39.08576965332031,-0.018847876653738882
2022-03-30,40.07123565673828,0.025212910278056944
2022-03-31,39.27347946166992,-0.019908450088791052
2022-04-01,39.892059326171875,0.015750574509337145
2022-04-04,39.79821014404297,-0.0023525780246530514
2022-04-05,39.503841400146484,-0.007396532226727426
2022-04-06,38.94926071166992,-0.014038652161926346
2022-04-07,38.3178825378418,-0.016210273630147598
2022-04-08,38.95779037475586,0.016699979083711236
2022-04-11,39.78114318847656,0.02113448442020016
2022-04-12,39.61050033569336,-0.004289541202341152
2022-04-13,40.088294982910156,0.012062322948903859
2022-04-14,39.836605072021484,-0.0062783890159451294
2022-04-19,40.39545822143555,0.01402863392610132
2022-04-20,40.130958557128906,-0.0065477574943384464
2022-04-21,40.22908401489258,0.0024451311728321823
2022-04-22,39.136962890625,-0.027147551355215627
2022-04-25,37.567047119140625,-0.040113377623904434
2022-04-26,38.185630798339844,0.016466124612813937
2022-04-27,38.50558853149414,0.00837900871257058
2022-04-28,39.913394927978516,0.0365610928224851
2022-04-29,40.293067932128906,0.009512420700756863
2022-05-02,40.08403396606445,-0.005187839417354789
2022-05-03,41.63688659667969,0.0387399290183692
2022-05-04,41.65821838378906,0.0005123290633137767
2022-05-05,42.24693298339844,0.014132015781031848
2022-05-06,43.17266845703125,0.021912489458029816
2022-05-09,41.069496154785156,-0.04871536500782503
2022-05-10,41.07802963256836,0.00020778140912769416
2022-05-11,42.95936965942383,0.045799178872101054
2022-05-12,42.12321472167969,-0.019463854902273092
2022-05-13,43.58222198486328,0.034636655175149356
2022-05-16,44.11973571777344,0.012333325572451148
2022-05-17,44.64873504638672,0.011990083802795315
2022-05-18,44.520755767822266,-0.0028663584406476428
2022-05-19,43.96616744995117,-0.012456848683416233
2022-05-20,44.11973571777344,0.003492873651020023
2022-05-23,45.46781921386719,0.030555112676041718
2022-05-24,44.75111770629883,-0.01576283006222945
2022-05-25,46.03094482421875,0.02859877436624969
2022-05-26,47.029197692871094,0.021686560475011607
2022-05-27,46.824432373046875,-0.004354004105310505
2022-05-30,47.08039093017578,0.005466346182046555
2022-05-31,47.430213928222656,0.007430333332739236
2022-06-01,46.175987243652344,-0.02644362276055434
2022-06-02,46.218650817871094,0.0009239342083502411
2022-06-03,46.4831428527832,0.0057226256117766106
2022-06-06,47.344886779785156,0.018538848152569676
2022-06-07,47.532596588134766,0.003964732437162777
2022-06-08,48.22370910644531,0.01453975940550789
2022-06-09,47.532596588134766,-0.01433138452260152
2022-06-10,46.500205993652344,-0.02171963386364062
2022-06-13,45.519004821777344,-0.02110100699358064
2022-06-14,46.14186096191406,0.013683430526994611
2022-06-15,45.67259216308594,-0.010170131612495248
2022-06-16,44.34157180786133,-0.02914264972024916
2022-06-17,42.097625732421875,-0.050605920898853296
2022-06-20,42.87404251098633,0.018443243889797012
2022-06-21,43.660804748535156,0.018350549457686993
2022-06-22,42.40285110473633,-0.02881196650048079
2022-06-23,41.581512451171875,-0.01936989216917806
2022-06-24,42.843788146972656,0.030356656633955703
2022-06-27,43.228519439697266,0.008979861710752823
2022-06-28,43.79049301147461,0.013000065212996237
2022-06-29,44.05850601196289,0.006120346724985515
2022-06-30,43.54841232299805,-0.011577643799958626
2022-07-01,43.35820770263672,-0.004367659122692769
2022-07-04,45.32942199707031,0.04546346352581643
2022-07-05,42.42013931274414,-0.06418089082437894
2022-07-06,41.188133239746094,-0.02904295207318941
2022-07-07,42.68816375732422,0.03641899740507326
2022-07-08,42.597381591796875,-0.00212663552462522
2022-07-11,42.29478454589844,-0.007103653665809118
2022-07-12,41.72848892211914,-0.013389254251070848
2022-07-13,41.79764938354492,0.0016573919452214092
2022-07-14,39.84804916381836,-0.04664377658744823
2022-07-15,41.097354888916016,0.0313517412097557
2022-07-18,42.05702209472656,0.023351069877963537
2022-07-19,42.45040512084961,0.009353563484286065
2022-07-20,42.536861419677734,0.0020366424909725733
2022-07-21,41.39994812011719,-0.026727719479430312
2022-07-22,41.96624755859375,0.013678747539332958
2022-07-25,42.45040512084961,0.011536832345562242
2022-07-26,42.536861419677734,0.0020366424909725733
2022-07-27,43.008052825927734,0.01107724901471041
2022-07-28,41.57719039916992,-0.03326963981720199
2022-07-29,43.021026611328125,0.034726642139508934
2022-08-01,42.32072448730469,-0.016278136046131375
2022-08-02,41.706878662109375,-0.014504615235957363
2022-08-03,42.05702209472656,0.008395340141704066
2022-08-04,42.05270004272461,-0.00010276647719420495
2022-08-05,42.26884460449219,0.005139849796754525
2022-08-08,43.07289505004883,0.01902229533549127
2022-08-09,43.96340560913086,0.020674499776420774
2022-08-10,43.69539260864258,-0.0060962747715935794
2022-08-11,44.95765686035156,0.028887811193606616
2022-08-12,44.89713668823242,-0.0013461593940967687
2022-08-15,43.842369079589844,-0.02349298165642344
2022-08-16,44.52537155151367,0.01557859409202833
2022-08-17,44.559959411621094,0.0007768123858866716
2022-08-18,45.64931106567383,0.024446872673062447
2022-08-19,45.5542106628418,-0.002083282323696256
2022-08-22,45.856807708740234,0.006642570280451787
2022-08-23,47.3438720703125,0.03242843180487753
2022-08-24,46.375553131103516,-0.02045288855484595
2022-08-25,46.72138977050781,0.007457304895676753
2022-08-26,46.652217864990234,-0.0014805190054779649
2022-08-29,47.032630920410156,0.008154233021050006
2022-08-30,45.32942199707031,-0.03621334571357615
2022-08-31,43.8250732421875,-0.03318702706996879
2022-09-01,43.41007995605469,-0.009469311867192132
2022-09-02,44.57725524902344,0.026887195189465585
2022-09-05,45.97785186767578,0.031419534711774944
2022-09-06,44.70693588256836,-0.027641917433748664
2022-09-07,43.0512809753418,-0.03703351335854166
2022-09-08,42.536861419677734,-0.011948995337878632
2022-09-09,43.08586120605469,0.012906447914913244
2022-09-12,43.747257232666016,0.01535065119038137
2022-09-13,43.245811462402344,-0.011462336200799395
2022-09-14,44.3178825378418,0.02479017132957506
2022-09-15,43.25445556640625,-0.02399543729390763
2022-09-16,43.03399658203125,-0.005096792491967483
2022-09-19,42.62332534790039,-0.009542948987971367
2022-09-20,42.251548767089844,-0.008722373906212888
2022-09-21,42.904884338378906,0.01546299698717668
2022-09-22,42.8961181640625,-0.00020431646539986748
2022-09-23,40.78704071044922,-0.04916709352456572
2022-09-26,41.23867416381836,0.011072964488287429
2022-09-27,41.95777893066406,0.01743763060832415
2022-09-28,41.35706329345703,-0.014317145771698847
2022-09-29,41.484222412109375,0.0030746650880422166
2022-09-30,42.33485794067383,0.02050503731549158
2022-10-03,43.63713836669922,0.0307614218961203
2022-10-04,44.99641036987305,0.031149430371702147
2022-10-05,45.487510681152344,0.010914210872432273
2022-10-06,44.96133804321289,-0.011567408945011182
2022-10-07,46.127681732177734,0.025941036003952034
2022-10-10,45.16303634643555,-0.020912505235858636
2022-10-11,44.23347091674805,-0.020582438757151156
2022-10-12,43.632755279541016,-0.013580567492377904
2022-10-13,44.98764419555664,0.03105210540419212
2022-10-14,45.77690505981445,0.01754394741869514
2022-10-17,46.469696044921875,0.015134072174652013
2022-10-18,45.70674514770508,-0.016418245914052387
2022-10-19,46.13645553588867,0.009401465512255403
2022-10-20,46.44338607788086,0.006652668446830212
2022-10-21,46.452152252197266,0.0001887496812076339
2022-10-24,46.91693115234375,0.010005540703972526
2022-10-25,46.69770431518555,-0.004672659352896513
2022-10-26,46.40830612182617,-0.006197268101362896
2022-10-27,47.77634811401367,0.02947838666199676
2022-10-28,47.8728141784668,0.0020191175814217033
2022-10-31,48.32006072998047,0.009342391066595068
2022-11-01,49.54779815673828,0.0254084413018143
2022-11-02,49.31101608276367,-0.004778861680706403
2022-11-03,49.88103485107422,0.011559663815359666
2022-11-04,50.65275192260742,0.015471151988671883
2022-11-07,51.003536224365234,0.006925276286938509
2022-11-08,50.10904312133789,-0.01753786441576244
2022-11-09,49.73196029663086,-0.0075252449701330715
2022-11-10,49.56533432006836,-0.0033504807686776106
2022-11-11,50.01258087158203,0.009023374050613153
2022-11-14,49.91611862182617,-0.001928759685558834
2022-11-15,50.67029571533203,0.015108888958687894
2022-11-16,51.07369613647461,0.007961280182947839
2022-11-17,50.36336135864258,-0.013908035477478209
2022-11-18,50.33705139160156,-0.0005224029201240654
2022-11-21,48.784847259521484,-0.030836214859002564
2022-11-22,50.92460632324219,0.04386114098785221
2022-11-23,50.521209716796875,-0.007921447715958152
2022-11-24,50.70537567138672,0.0036453195721601883
2022-11-25,51.249080657958984,0.010722827301308913
2022-11-28,50.63521957397461,-0.011977992114265201
2022-11-29,51.68756103515625,0.020782796441600082
2022-11-30,52.888980865478516,0.02324388704479774
2022-12-01,51.97695541381836,-0.017244148719368635
2022-12-02,51.64371109008789,-0.006411385989758767
2022-12-05,51.52970886230469,-0.0022074755159313675
2022-12-06,51.494022369384766,-0.0006925421025623102
2022-12-07,50.44130325317383,-0.020443520777215896
2022-12-08,50.68217849731445,0.004775357268856251
2022-12-09,50.2182731628418,-0.009153224037069307
2022-12-12,50.51267623901367,0.005862469129856773
2022-12-13,51.64569091796875,0.022430303902211124
2022-12-14,51.2799072265625,-0.007082559743217365
2022-12-15,50.34317398071289,-0.018267062023161973
2022-12-16,49.656227111816406,-0.013645283254481777
2022-12-19,50.5394401550293,0.017786551548188756
2022-12-20,51.11932373046875,0.011473882054503726
2022-12-21,52.62703323364258,0.02949392505901227
2022-12-22,52.63595199584961,0.00016947111891019162
2022-12-23,52.823307037353516,0.003559450041269896
2022-12-27,53.19800567626953,0.007093433939133087
2022-12-28,52.96604537963867,-0.004360319408257984
2022-12-29,52.97496795654297,0.00016845843106350067
2022-12-30,52.323707580566406,-0.012293737987926878
2023-01-02,54.18338394165039,0.03554175434186324
2023-01-03,53.2445182800293,-0.017327556777039788
2023-01-04,51.99871826171875,-0.02339771414136005
2023-01-05,52.30565643310547,0.005902802639131233
2023-01-06,52.97368621826172,0.01277165474465658
2023-01-09,52.64870071411133,-0.006134847833911161
2023-01-10,52.729949951171875,0.0015432334693641359
2023-01-11,53.072998046875,0.006505754244424455
2023-01-12,53.668819427490234,0.011226450408718058
2023-01-13,53.92158889770508,0.0047098012013540025
2023-01-16,53.605621337890625,-0.005859759815569965
2023-01-17,53.80422592163086,0.003704920841946402
2023-01-18,53.80422592163086,0.0
2023-01-19,52.666751861572266,-0.021140979924428094
2023-01-20,53.127159118652344,0.008741895803451083
2023-01-23,53.4431266784668,0.005947382940404866
2023-01-24,52.98271942138672,-0.008614901217326887
2023-01-25,52.71189880371094,-0.005111489569304073
2023-01-26,52.820228576660156,0.0020551293997701503
2023-01-27,52.919525146484375,0.00187989663240673
2023-01-30,52.27857208251953,-0.012111844582706421
2023-01-31,51.43901062011719,-0.016059380142922297
2023-02-01,50.527225494384766,-0.017725557213105314
2023-02-02,49.814048767089844,-0.01411470193181652
2023-02-03,50.870269775390625,0.021203275671070942
2023-02-06,50.247371673583984,-0.01224483582565894
2023-02-07,51.94455337524414,0.03377652691339472
2023-02-08,50.95151901245117,-0.019117198979830552
2023-02-09,52.224403381347656,0.024982265368485468
2023-02-10,53.57853317260742,0.025929061963078315
2023-02-13,53.750057220458984,0.0032013576649996267
2023-02-14,54.147274017333984,0.007390072074636045
2023-02-15,54.16533279418945,0.00033351220690613914
2023-02-16,54.11116409301758,-0.001000062186965578
2023-02-17,52.95563507080078,-0.02135472488136514
2023-02-20,53.19034957885742,0.004432285775495481
2023-02-21,52.93758010864258,-0.0047521678691000435
2023-02-22,52.72092056274414,-0.004092736114000517
2023-02-23,53.361873626708984,0.012157471021433164
2023-02-24,52.531333923339844,-0.015564290511595469
2023-02-27,53.461185455322266,0.017700893210505164
2023-02-28,52.8743896484375,-0.010976109150724889
2023-03-01,52.34176254272461,-0.010073442157050638
2023-03-02,53.37090301513672,0.01966193766539792
2023-03-03,53.2716064453125,-0.001860500089272521
2023-03-06,53.53339767456055,0.004914273225771648
2023-03-07,53.262577056884766,-0.005058909567484449
2023-03-08,53.17230224609375,-0.0016949012942915065
2023-03-09,52.79314422607422,-0.007130742962091374
2023-03-10,52.395931243896484,-0.007523950088609288
2023-03-13,49.77793502807617,-0.04996563957674249
2023-03-14,50.96054458618164,0.023757706249534882
2023-03-15,48.08978271484375,-0.05633302969286402
2023-03-16,48.125892639160156,0.0007508855785547386
2023-03-17,47.9724235534668,-0.003188908865421891
2023-03-20,48.62240982055664,0.013549164685528359
2023-03-21,49.84113311767578,0.025065053369771162
2023-03-22,49.75885009765625,-0.0016509058858124037
2023-03-23,48.844669342041016,-0.01837222431428931
2023-03-24,47.36370086669922,-0.03031996111942381
2023-03-27,47.65623474121094,0.006176330589854562
2023-03-28,48.917808532714844,0.026472376560059185
2023-03-29,49.21949005126953,0.0061671102529650135
2023-03-30,49.740570068359375,0.010586863385765755
2023-03-31,49.694862365722656,-0.0009189219700116436
2023-04-03,52.620243072509766,0.058866864048403356
2023-04-04,51.86146545410156,-0.01441988052701737
2023-04-05,52.23628616333008,0.007227345119282136
2023-04-06,52.56538772583008,0.006300248097098171
2023-04-11,53.43386459350586,0.016521838899116847
2023-04-12,53.4430046081543,0.00017105284669138854
2023-04-13,53.23273849487305,-0.003934399175774761
2023-04-14,53.680686950683594,0.00841490534727396
2023-04-17,53.6898307800293,0.00017033741304595118
2023-04-18,53.61669921875,-0.0013621119719844366
2023-04-19,53.08647155761719,-0.009889226096696957
2023-04-20,52.63852310180664,-0.008438090584422575
2023-04-21,52.74822235107422,0.002084010773923284
2023-04-24,53.214454650878906,0.00883882487454457
2023-04-25,52.7025146484375,-0.009620318498048341
2023-04-26,53.38814926147461,0.01300952369371311
2023-04-27,51.98945617675781,-0.026198568485049645
2023-04-28,52.96763229370117,0.018814894189654208
2023-05-02,50.279937744140625,-0.05074220676237706
2023-05-03,49.94169235229492,-0.006727243648688153
2023-05-04,49.9691162109375,0.0005491175278788951
2023-05-05,51.31296157836914,0.026893518823883023
2023-05-08,51.37696075439453,0.001247232162338685
2023-05-09,50.69131851196289,-0.013345325071082437
2023-05-10,50.81930160522461,0.002524753686008685
2023-05-11,50.16109085083008,-0.012951983470919304
2023-05-12,50.97471618652344,0.016220248042709606
2023-05-15,51.084415435791016,0.0021520325658346273
2023-05-16,50.407920837402344,-0.013242680622213898
2023-05-17,50.453636169433594,0.0009069077095782418
2023-05-18,50.91072082519531,0.009059498788684728
2023-05-19,51.30381774902344,0.007721299511312063
2023-05-22,51.1209831237793,-0.0035637625671165463
2023-05-23,52.126583099365234,0.019670982718604568
2023-05-24,51.98031234741211,-0.0028060682909964996
2023-05-25,50.279937744140625,-0.032711896610142954
2023-05-26,50.97471618652344,0.013818204109924181
2023-05-29,50.947288513183594,-0.0005380642677731418
2023-05-30,49.201202392578125,-0.03427240529500675
2023-05-31,48.52470779418945,-0.013749554187535873
2023-06-01,49.17377853393555,0.013376087549028304
2023-06-02,50.444488525390625,0.025841211095424477
2023-06-05,50.14280700683594,-0.00598046540610353
2023-06-06,49.676578521728516,-0.009298013273246974
2023-06-07,50.08795928955078,0.008281181596319742
2023-06-08,50.30736541748047,0.0043804165919665294
2023-06-09,50.234222412109375,-0.0014539223981242522
2023-06-12,49.320045471191406,-0.01819828987136063
2023-06-13,49.51202392578125,0.0038925036008325975
2023-06-14,49.283477783203125,-0.004615972534686041
2023-06-15,49.137210845947266,-0.0029678696357282597
2023-06-16,49.182918548583984,0.0009302054766604506
2023-06-19,49.19206237792969,0.0001859147365699254
2023-06-20,48.597843170166016,-0.012079575017579947
2023-06-21,49.9235725402832,0.027279592748080006
2023-06-22,48.6812744140625,-0.02488399894094706
2023-06-23,48.25482177734375,-0.00876009598868599
2023-06-26,48.73690414428711,0.00999034602526927
2023-06-27,48.208473205566406,-0.01084252165784405
2023-06-28,48.227012634277344,0.0003845678462348623
2023-06-29,48.14357376098633,-0.001730127344269916
2023-06-30,48.718360900878906,0.011939021036247999
2023-07-03,49.599098205566406,0.01807813909173639
2023-07-04,49.7196159362793,0.002429837135614843
2023-07-05,48.857425689697266,-0.01734104800179903
2023-07-06,46.892005920410156,-0.04022765713793153
2023-07-07,47.37409210205078,0.01028077541529937
2023-07-10,47.49460983276367,0.0025439586357303146
2023-07-11,48.19920349121094,0.014835234165061273
2023-07-12,48.73690414428711,0.011155799559513957
2023-07-13,48.80180358886719,0.0013316283772957238
2023-07-14,47.54096603393555,-0.02583588027921302
2023-07-17,47.24429702758789,-0.0062402814056384814
2023-07-18,47.8005485534668,0.011773940155233698
2023-07-19,48.50513458251953,0.014740124336954485
2023-07-20,49.41367721557617,0.01873085480282466
2023-07-21,50.05337142944336,0.01294569135335566
2023-07-24,50.795040130615234,0.014817557339116494
2023-07-25,50.37784957885742,-0.008213214335199726
2023-07-26,49.93284606933594,-0.008833316889100495
2023-07-27,50.359310150146484,0.008540752518259476
2023-07-28,50.470558166503906,0.0022090853910774477
2023-07-31,51.23076248168945,0.015062332234916154
2023-08-01,50.62815856933594,-0.01176254037930613
2023-08-02,49.23752975463867,-0.02746749741633958
2023-08-03,50.15534973144531,0.01864065848510954
2023-08-04,51.518165588378906,0.027171894209306435
2023-08-07,51.388370513916016,-0.0025194040389545647
2023-08-08,51.1380615234375,-0.004870926787038932
2023-08-09,52.880985260009766,0.034082710307144826
2023-08-10,53.60410690307617,0.013674511537765444
2023-08-11,53.001495361328125,-0.011241891275936222
2023-08-14,52.454524993896484,-0.010319904442370298
2023-08-15,52.009517669677734,-0.008483678467597011
2023-08-16,52.213478088378906,0.003921597965906187
2023-08-17,52.621395111083984,0.007812485159763183
2023-08-18,52.85316467285156,0.004404473907966722
2023-08-21,53.39087677001953,0.010173697270471571
2023-08-22,53.75244140625,0.0067720303187359665
2023-08-23,52.81608581542969,-0.01741977789889626
2023-08-24,53.001495361328125,0.0035104749440608707
2023-08-25,53.14056396484375,0.0026238618847931328
2023-08-28,53.669002532958984,0.00994416559946254
2023-08-29,53.641197204589844,-0.0005180891586733516
2023-08-30,53.71535873413086,0.0013825479930689166
2023-08-31,53.835880279541016,0.002243707353918767
2023-09-01,54.59608840942383,0.014120845167487905
2023-09-04,54.43848419189453,-0.002886730938440163
2023-09-05,55.532447814941406,0.020095409328273695
2023-09-06,55.17087936401367,-0.006510940272840826
2023-09-07,55.5139045715332,0.006217504804595819
2023-09-08,55.977447509765625,0.008350033055864792
2023-09-11,56.31120300292969,0.00596232068469793
2023-09-12,56.82109832763672,0.009054953499759266
2023-09-13,56.76546859741211,-0.000979032997634799
2023-09-14,57.73890686035156,0.017148422923154216
2023-09-15,57.82234573364258,0.0014451065638083627
2023-09-18,57.470062255859375,-0.006092514465013021
2023-09-19,58.44349670410156,0.016938113689670464
2023-09-20,58.434120178222656,-0.0001604374551095189
2023-09-21,58.04949951171875,-0.0065821247129386196
2023-09-22,58.07764434814453,0.00048484201694276585
2023-09-25,58.284027099609375,0.003553566157533661
2023-09-26,58.07764434814453,-0.003540983040038248
2023-09-27,59.03450012207031,0.01647545771984027
2023-09-28,59.681785583496094,0.010964528539876506
2023-09-29,58.452880859375,-0.02059095102645392
2023-10-02,57.73992156982422,-0.012197162553305274
2023-10-03,57.486637115478516,-0.0043866435467774245
2023-10-04,56.370304107666016,-0.019419000028998434
2023-10-05,56.07011032104492,-0.005325388808400389
2023-10-06,56.60483169555664,0.009536656365575658
2023-10-09,57.58982849121094,0.017401284769328562
2023-10-10,58.05887985229492,0.00814469105695581
2023-10-11,57.87126159667969,-0.0032315169719523418
2023-10-12,58.3215446472168,0.007780771286364008
2023-10-13,59.2596435546875,0.016084946191758265
2023-10-16,59.156455993652344,-0.0017412788003007273
2023-10-17,59.269020080566406,0.0019028199885087194
2023-10-18,59.831878662109375,0.009496674329655841
2023-10-19,59.40974044799805,-0.007055406307652223
2023-10-20,58.69678497314453,-0.012000649547990738
2023-10-23,58.44350051879883,-0.004315133349494182
2023-10-24,58.190208435058594,-0.004333964966023229
2023-10-25,58.34968566894531,0.002740619739568295
2023-10-26,58.612361907958984,0.004501759281172468
2023-10-27,59.10016632080078,0.00832255171029983
2023-10-30,59.090789794921875,-0.00015865481372778767
2023-10-31,59.28778076171875,0.0033337000145123863
2023-11-01,59.69116973876953,0.006803914261389377
2023-11-02,60.591739654541016,0.015087154761964205
2023-11-03,58.471641540527344,-0.034989886841032214
2023-11-06,58.78121566772461,0.005294431950960243
2023-11-07,57.44911575317383,-0.022662000086571932
2023-11-08,57.0175895690918,-0.007511450410064735
2023-11-09,57.56168746948242,0.009542632449085042
2023-11-10,58.199588775634766,0.01108204665630308
2023-11-13,58.90316390991211,0.012089005250358387
2023-11-14,58.668643951416016,-0.003981449262297265
2023-11-15,58.73430633544922,0.0011192074609323033
2023-11-16,57.18644714355469,-0.026353579168097108
2023-11-17,57.983829498291016,0.013943554715589723
2023-11-20,59.10016632080078,0.019252554240879682
2023-11-21,59.05326461791992,-0.0007935968001557825
2023-11-22,58.0213508605957,-0.017474288068590194
2023-11-23,58.92192459106445,0.015521419565575068
2023-11-24,59.23149871826172,0.005253971748984787
2023-11-27,58.96883773803711,-0.004434481414592795
2023-11-28,59.278404235839844,0.005249662528163723
2023-11-29,57.86187744140625,-0.023896169485229768
2023-11-30,58.40597152709961,0.009403325812307628
2023-12-01,58.499786376953125,0.001606254418865083
2023-12-04,57.58982849121094,-0.015554892455140301
2023-12-05,57.57106399536133,-0.0003258300352895205
2023-12-06,56.89563751220703,-0.011732047947015878
2023-12-07,56.914398193359375,0.0003297384821168148
2023-12-08,58.068260192871094,0.020273639643726415
2023-12-11,58.13392639160156,0.0011308449488991457
2023-12-12,57.51478576660156,-0.010650246137330344
2023-12-13,57.56168746948242,0.0008154720956656814
2023-12-14,57.60858917236328,0.0008148076427698658
2023-12-15,57.81496810913086,0.003582433448423794
2023-12-18,58.49040222167969,0.011682685896736711
2023-12-19,58.15269470214844,-0.005773725375512573
2023-12-20,58.30278396606445,0.0025809511439625066
2023-12-21,58.16206741333008,-0.0024135477444143794
2023-12-22,58.44350051879883,0.004838774101146415
2023-12-27,58.60297775268555,0.0027287419896318
2023-12-28,57.60858917236328,-0.01696822616281979
2023-12-29,57.786827087402344,0.00309394688534681
2024-01-02,58.85976791381836,0.0185672216402053
2024-01-03,58.62239456176758,-0.0040328625216181635
2024-01-04,59.32502365112305,0.011985677054101584
2024-01-05,59.34401321411133,0.0003200936437877111
2024-01-08,57.49248123168945,-0.031199979275779777
2024-01-09,57.08419418334961,-0.007101572929066768
2024-01-10,56.751869201660156,-0.005821663709958846
2024-01-11,56.47650909423828,-0.004852000670558021
2024-01-12,57.10318374633789,0.011096200210496843
2024-01-15,56.91328430175781,-0.003325549157182639
2024-01-16,56.57146453857422,-0.006005975008773756
2024-01-17,55.318119049072266,-0.022155082950828242
2024-01-18,55.55549240112305,0.004291059713006584
2024-01-19,55.33710861206055,-0.0039309126717070875
2024-01-22,54.83386993408203,-0.00909405443472766
2024-01-23,55.185184478759766,0.0064068894845479285
2024-01-24,55.887821197509766,0.012732343388657918
2024-01-25,55.963783264160156,0.0013591881920380633
2024-01-26,56.60944366455078,0.011537111373314035
2024-01-29,57.16965103149414,0.009896005519202111
2024-01-30,57.378536224365234,0.0036537776442961967
2024-01-31,57.0651969909668,-0.005460913679868007
2024-02-01,57.52096939086914,0.007986871577337906
2024-02-02,56.78034973144531,-0.012875646347180525
2024-02-05,56.22964096069336,-0.009698932348191747
2024-02-06,57.255104064941406,0.018237055878853825
2024-02-07,55.44154739379883,-0.031675021830115946
2024-02-08,56.1916618347168,0.013529825125369266
2024-02-09,56.70439529418945,0.009124724963301745
2024-02-12,56.79934310913086,0.0016744348378781027
2024-02-13,57.255104064941406,0.008024053287638777
2024-02-14,57.36904525756836,0.0019900617506121154
2024-02-15,56.73287582397461,-0.011089071305571796
2024-02-16,56.86581039428711,0.0023431664336028835
2024-02-19,56.67591094970703,-0.0033394309034441294
2024-02-20,55.64094924926758,-0.01826105100203601
2024-02-21,55.944786071777344,0.0054606692842100735
2024-02-22,56.144187927246094,0.003564261649207534
2024-02-23,56.647422790527344,0.008963258386306405
2024-02-26,56.20115661621094,-0.00787796076737024
2024-02-27,56.49550247192383,0.005237362955409219
2024-02-28,56.40055465698242,-0.0016806260814936635
2024-02-29,56.011260986328125,-0.006902302167450469
2024-03-01,56.78034973144531,0.013730966444496229
2024-03-04,56.391056060791016,-0.006856133724000402
2024-03-05,56.172672271728516,-0.003872667126983309
2024-03-06,56.951263427734375,0.013860675031437397
2024-03-07,56.89429473876953,-0.0010003059727925478
2024-03-08,57.01772689819336,0.002169499771296435
2024-03-11,57.09368896484375,0.001332253507510428
2024-03-12,57.606422424316406,0.008980562804207226
2024-03-13,58.62239456176758,0.01763643869372311
2024-03-14,59.54341506958008,0.01571106937370259
2024-03-15,59.32502365112305,-0.003667767765786145
2024-03-18,59.46745300292969,0.002400830931720055
2024-03-19,61.053123474121094,0.026664509595077046
2024-03-20,60.70731735229492,-0.005664020154067195
2024-03-21,60.43836212158203,-0.004430359344526735
2024-03-22,60.371124267578125,-0.0011125029144344323
2024-03-25,60.73613357543945,0.006046090946451921
2024-03-26,60.49599838256836,-0.00395374513876201
2024-03-27,60.55363464355469,0.0009527284866321928
2024-03-28,60.9666748046875,0.006821063071839495
2024-04-02,63.35845947265625,0.039231017201299956
2024-04-03,64.0308609008789,0.010612654313554515
2024-04-04,64.40547180175781,0.005850474218343171
2024-04-05,64.16533660888672,-0.0037284905482912745
2024-04-08,65.25076293945312,0.016916085661367486
2024-04-09,64.74166870117188,-0.007802119321633771
2024-04-10,65.39484405517578,0.01008894838683827
2024-04-11,65.02983093261719,-0.005581680449465054
2024-04-12,66.36500549316406,0.02053172430865402
2024-04-15,65.59656524658203,-0.011578997709284944
2024-04-16,64.59758758544922,-0.015229115387026537
2024-04-17,64.99141693115234,0.00609665717287311
2024-04-18,64.76087951660156,-0.0035471978522179093
2024-04-19,64.62639617919922,-0.002076613820043427
2024-04-22,65.2219467163086,0.009215283109056616
2024-04-23,65.23155975341797,0.00014738960723126304
2024-04-24,65.23155975341797,0.0
2024-04-25,65.3756332397461,0.0022086469628004313
2024-04-26,66.73963165283203,0.020864018373387916
2024-04-29,66.5186996459961,-0.0033103570002481764
2024-04-30,65.88473510742188,-0.009530621343292855
2024-05-02,64.2133560180664,-0.025368229630586936
2024-05-03,63.74269104003906,-0.007329705332562275
2024-05-06,64.60719299316406,0.013562369881465752
2024-05-07,64.4246826171875,-0.002824923472466545
2024-05-08,64.57837677001953,0.0023856408225599868
2024-05-09,65.6541976928711,0.016659150890132146
2024-05-10,65.97117614746094,0.004827999819183804
2024-05-13,66.03842163085938,0.001019316121454672
2024-05-14,65.62538146972656,-0.006254543202767859
2024-05-15,64.80889892578125,-0.012441566443647467
2024-05-16,63.83873748779297,-0.01496957137166155
2024-05-17,64.30941009521484,0.0073728370256676
2024-05-20,64.3574447631836,0.0007469306264453746
2024-05-21,63.78110885620117,-0.00895523290433875
2024-05-22,62.5996208190918,-0.01852410624865619
2024-05-23,63.10871505737305,0.008132545079665876
2024-05-24,63.38728332519531,0.0044141014053131755
2024-05-27,63.78110885620117,0.006213005359220425
2024-05-28,63.531368255615234,-0.003915588879914167
2024-05-29,63.041473388671875,-0.007711070615893156
2024-05-30,62.734100341796875,-0.004875727522736351
2024-05-31,64.36705780029297,0.02602982189270553
2024-06-03,63.32003402709961,-0.016266453819310578
2024-06-04,61.79275131225586,-0.024120055181747202
2024-06-05,62.1673698425293,0.006062499602589089
2024-06-06,62.407508850097656,0.003862782166539125
2024-06-07,62.37869644165039,-0.00046168175878436024
2024-06-10,62.63804244995117,0.004157605450177515
2024-06-11,61.57181930541992,-0.01702197423208396
2024-06-12,61.41813278198242,-0.0024960529861096648
2024-06-13,59.85242462158203,-0.025492604373992034
2024-06-14,58.99752426147461,-0.014283470811960353
2024-06-17,59.554649353027344,0.009443194414117784
2024-06-18,60.38072967529297,0.013870962741612258
2024-06-19,60.09862518310547,-0.004672094784288983
2024-06-20,60.614200592041016,0.008578822017387466
2024-06-21,60.088897705078125,-0.008666333661618286
2024-06-24,60.808753967285156,0.011979854676984703
2024-06-25,61.16868591308594,0.005919081091423584
2024-06-26,60.3515510559082,-0.013358711977870419
2024-06-27,60.3515510559082,0.0
2024-06-28,60.63365936279297,0.00467441684511849
2024-07-01,61.87881851196289,0.02053577439091514
2024-07-02,62.26793670654297,0.006288390824799706
2024-07-03,63.065616607666016,0.012810443758275891
2024-07-04,63.99949264526367,0.014808006134425789
2024-07-05,63.58119201660156,-0.006535999136441095
2024-07-08,62.919700622558594,-0.010403884750544545
2024-07-09,61.49943542480469,-0.02257266299268912
2024-07-10,61.32433319091797,-0.002847216932597929
2024-07-11,61.11031723022461,-0.003489902776880993
2024-07-12,61.771812438964844,0.010824607672189623
2024-07-15,61.55780029296875,-0.0034645599270306526
2024-07-16,60.60447311401367,-0.015486699888851763
2024-07-17,61.12004852294922,0.008507217082237561
2024-07-18,62.06364822387695,0.015438464525652895
2024-07-19,61.022769927978516,-0.016771142620294666
2024-07-22,61.42161178588867,0.006535951389635031
2024-07-23,60.4390983581543,-0.015996216953070963
2024-07-24,60.76011657714844,0.005311432958377882
2024-07-25,60.28345489501953,-0.007844976425015249
2024-07-26,60.4390983581543,0.002581860369579081
2024-07-29,60.059715270996094,-0.006277113614601371
2024-07-30,60.39046096801758,0.0055069474693498766
2024-07-31,60.779571533203125,0.0064432454885816615
2024-08-01,60.2250862121582,-0.0091228896002008
2024-08-02,59.47603988647461,-0.012437447130335122
2024-08-05,57.88067626953125,-0.02682363553438538
2024-08-06,57.61802291870117,-0.004537841776536711
2024-08-07,59.262027740478516,0.028532822517999712
2024-08-08,59.25230026245117,-0.00016414352323446124
2024-08-09,59.68032455444336,0.0072237582354828245
2024-08-12,60.040260314941406,0.006031062384215025
2024-08-13,59.67060089111328,-0.00615685911235353
2024-08-14,59.787330627441406,0.0019562353082573924
2024-08-15,60.779571533203125,0.01659617339239916
2024-08-16,60.63365936279297,-0.0024006778384485505
2024-08-19,61.20759582519531,0.009465641170826933
2024-08-20,60.28345489501953,-0.015098468053132863
2024-08-21,60.4390983581543,0.002581860369579081
2024-08-22,59.94297790527344,-0.008208601159814033
2024-08-23,60.46828079223633,0.008763376550845026
2024-08-26,61.14923095703125,0.011261278737766833
2024-08-27,61.01304244995117,-0.0022271499567309005
2024-08-28,60.71147918701172,-0.004942603266946177
2024-08-29,61.00331497192383,0.004806929246661262
2024-08-30,60.49746322631836,-0.008292200937576655
2024-09-02,60.779571533203125,0.004663142747480364
2024-09-03,58.86318588256836,-0.0315300947718572
2024-09-04,58.532440185546875,-0.005618888819258316
2024-09-05,58.911827087402344,0.006481651895134055
2024-09-06,58.23087692260742,-0.01155880234005735
2024-09-09,59.300941467285156,0.018376239569600106
2024-09-10,58.240604400634766,-0.017880611005735125
2024-09-11,58.55189514160156,0.005344909177546375
2024-09-12,59.25230026245117,0.011962125549578762
2024-09-13,59.4079475402832,0.002626856293217461
2024-09-16,59.553863525390625,0.002456169437742073
2024-09-17,59.72896957397461,0.0029402970389877936
2024-09-18,59.56359100341797,-0.002768816735601254
2024-09-19,60.9449462890625,0.023191269404245096
2024-09-20,60.30290985107422,-0.010534695279623252
2024-09-23,60.42937088012695,0.002097096630412132
2024-09-24,60.993587493896484,0.00933679443542057
2024-09-25,59.81134796142578,-0.019383013543661565
2024-09-26,58.42222213745117,-0.023225121508221203
2024-09-27,58.274444580078125,-0.0025294751203637222
2024-09-30,57.634063720703125,-0.010989051272638384
2024-10-01,58.43207550048828,0.013846182765323567
2024-10-02,59.74238586425781,0.02242450490670289
2024-10-03,60.60935974121094,0.01451187234006679
2024-10-04,61.722633361816406,0.018368014863692883
2024-10-07,62.34330749511719,0.010055859568764758
2024-10-08,61.16107177734375,-0.018963314031197887
2024-10-09,61.06254959106445,-0.0016108642869759882
2024-10-10,61.48618698120117,0.006937761246030849
2024-10-11,61.44677734375,-0.0006409510718760059
2024-10-14,61.56500244140625,0.001924024379584166
2024-10-15,58.60940933227539,-0.04800768280556489
2024-10-16,58.53059387207031,-0.00134475779747667
2024-10-17,58.89511489868164,0.006227871656454775
2024-10-18,58.776893615722656,-0.002007318996870344
2024-10-21,59.0527458190918,0.004693208272839922
2024-10-22,59.358158111572266,0.005171855910241607
2024-10-23,59.12171173095703,-0.003983384729876582
2024-10-24,59.190677642822266,0.001166507359920077
2024-10-25,59.377864837646484,0.003162443855665442
2024-10-28,58.845855712890625,-0.008959721374463436
2024-10-29,58.52074432373047,-0.005524796695053236
2024-10-30,58.26458740234375,-0.004377198621563716
2024-10-31,56.55034637451172,-0.02942166252709233
2024-11-01,57.042945861816406,0.00871081291071829
2024-11-04,57.22028350830078,0.0031088444645541724
2024-11-05,57.42717361450195,0.003615677754745139
2024-11-06,56.717830657958984,-0.012352043673691138
2024-11-07,56.88531494140625,0.002952938811381811
2024-11-08,55.998634338378906,-0.015587161711957731
2024-11-11,56.313899993896484,0.0056298811433961315
2024-11-12,54.89521408081055,-0.02519246426263677
2024-11-13,55.0134391784668,0.002153650361618187
2024-11-14,56.304046630859375,0.02345985765779468
2024-11-15,56.658714294433594,0.006299150501552608
2024-11-18,57.23998260498047,0.010259115791548812
2024-11-19,56.61931228637695,-0.010843300265949263
2024-11-20,56.520790100097656,-0.0017400809423643304
2024-11-21,56.33360290527344,-0.0033118290542774043
2024-11-22,56.24493408203125,-0.0015739952474065344
2024-11-25,55.0528450012207,-0.021194603572153303
2024-11-26,54.11690902709961,-0.017000683145445783
2024-11-27,53.299190521240234,-0.015110221935437873
2024-11-28,53.41741943359375,0.002218212156644306
2024-11-29,54.156314849853516,0.01383248056709907
2024-12-02,53.00363540649414,-0.021284303530532678
2024-12-03,53.338600158691406,0.006319656182606437
2024-12-04,53.14155960083008,-0.0036941456520249716
2024-12-05,53.259788513183594,0.0022247919188218557
2024-12-06,53.427268981933594,0.003144595076800538
2024-12-09,54.146461486816406,0.01346115043099072
2024-12-10,53.54549026489258,-0.011098993459990991
2024-12-11,52.68836975097656,-0.016007333384675193
2024-12-12,52.57999801635742,-0.0020568435715764277
2024-12-13,52.57014846801758,-0.0001873250040210772
2024-12-16,51.515987396240234,-0.020052465182187396
2024-12-17,50.915016174316406,-0.011665722667827394
2024-12-18,51.42731857299805,0.010061911734009499
2024-12-19,51.16131591796875,-0.0051723998530415205
2024-12-20,51.12190628051758,-0.0007703014815795273
2024-12-23,51.082496643066406,-0.0007708953033739308
2024-12-24,51.24012756347656,0.003085810811315426
2024-12-27,51.96917724609375,0.014228100461187054
2024-12-30,51.82139587402344,-0.0028436350140874644
