Date,Close,Daily Return,Volatility (%),Put-Call Ratio,Risk-free rate
2019-10-07,27.79964637756348,-0.0270663895459821,35.33668107921571,1.89,10.97599983215332
2019-10-08,27.72440719604492,-0.2706479805415052,35.33668107921571,1.71,10.989999771118164
2019-10-09,27.965164184570312,0.8683936389440206,35.33668107921571,0.75,10.958000183105469
2019-10-10,27.9576358795166,-0.0269202962801307,35.33668107921571,4.26,10.902000427246094
2019-10-11,28.18335151672364,0.8073487979446847,35.33668107921571,1.75,10.878000259399414
2019-10-14,28.153261184692383,-0.1067663369042404,35.33668107921571,4.12,10.89799976348877
2019-10-15,28.108116149902344,-0.1603545482488755,35.33668107921571,1.18,10.883999824523926
2019-10-16,27.995264053344727,-0.4014929209619433,35.33668107921571,1.27,10.862000465393066
2019-10-17,28.409055709838867,1.47807734803167,35.33668107921571,1.44,10.878000259399414
2019-10-18,28.198394775390625,-0.7415274080204037,35.33668107921571,2.82,10.86400032043457
2019-10-21,28.79276657104492,2.107821386247899,35.33668107921571,3.47,10.815999984741213
2019-10-22,28.97332572937012,0.6270990246097785,35.33668107921571,1.28,10.843999862670898
2019-10-23,29.387121200561523,1.4281945920068928,35.33668107921571,2.06,10.866000175476074
2019-10-24,29.499975204467773,0.3840253801522308,35.33668107921571,3.15,10.87399959564209
2019-10-25,29.60530471801757,0.3570494985834838,35.33668107921571,1.95,10.847999572753906
2019-10-28,29.52255249023437,-0.2795182436776011,35.33668107921571,2.32,10.805999755859377
2019-10-29,28.53695678710937,-3.3384501677184653,35.33668107921571,4.37,10.824000358581545
2019-10-30,28.935710906982425,1.397325309940456,35.33668107921571,2.64,10.826000213623049
2019-10-31,28.521913528442383,-1.430057757593184,35.33668107921571,2.76,10.868000030517578
2019-11-01,29.11627769470215,2.0838860115996782,35.33668107921571,0.6,10.833999633789062
2019-11-04,29.61283302307129,1.705421735483359,35.33668107921571,0.91,10.8100004196167
2019-11-05,29.96643447875977,1.1940818205842918,35.33668107921571,1.33,10.793999671936035
2019-11-06,29.642927169799805,-1.0795655692346862,35.33668107921571,0.5,10.803999900817873
2019-11-07,30.05182456970215,1.379409656678332,35.33668107921571,2.13,10.729999542236328
2019-11-08,29.95245742797852,-0.3306526081075733,35.33668107921571,3.48,10.73799991607666
2019-11-11,29.92189216613769,-0.1020459236585669,35.33668107921571,7.22,10.706000328063965
2019-11-12,29.906606674194336,-0.0510846435061274,35.33668107921571,2.66,10.706000328063965
2019-11-13,29.96774673461914,0.2044366353256776,35.33668107921571,1.34,10.732000350952148
2019-11-14,29.791961669921875,-0.5865808539225137,35.33668107921571,1.69,10.755999565124512
2019-11-15,29.96774673461914,0.5900419268958013,35.33668107921571,6.99,10.748000144958496
2019-11-18,29.85309791564941,-0.3825740386322884,35.33668107921571,3.68,10.76200008392334
2019-11-19,29.53974914550781,-1.0496356894918455,35.33668107921571,4.44,10.751999855041504
2019-11-20,29.432741165161133,-0.3622508093063858,35.33668107921571,4.71,10.767999649047852
2019-11-21,29.49389266967773,0.2077669360575296,35.33668107921571,4.99,10.75
2019-11-22,29.46331596374512,-0.1036713134989208,35.33668107921571,4.69,10.772000312805176
2019-11-25,29.52446556091309,0.2075448576229988,35.33668107921571,8.86,10.770000457763672
2019-11-26,29.134672164916992,-1.3202386176708103,35.33668107921571,3.05,10.779999732971191
2019-11-27,28.85953140258789,-0.94437569357797,35.33668107921571,4.18,10.77400016784668
2019-11-29,28.59967041015625,-0.9004338594643224,35.33668107921571,3.73,10.76200008392334
2019-12-02,28.515602111816406,-0.2939484865881137,35.33668107921571,1.57,10.696000099182127
2019-12-03,28.141101837158203,-1.3133170858174337,35.33668107921571,2.24,10.753999710083008
2019-12-04,28.324525833129883,0.6518010454355405,35.33668107921571,1.23,10.732000350952148
2019-12-05,28.01117897033692,-1.106273992507445,35.33668107921571,4.51,10.710000038146973
2019-12-06,28.347457885742188,1.2005168213782946,35.33668107921571,1.93,10.697999954223633
2019-12-09,28.355098724365234,0.0269542286784441,35.33668107921571,3.15,10.718000411987305
2019-12-10,28.28631401062012,-0.2425832278482254,35.33668107921571,2.11,10.722000122070312
2019-12-11,27.94239044189453,-1.215865625321344,35.33668107921571,1.96,10.744000434875488
2019-12-12,28.24810028076172,1.094071888741599,35.33668107921571,2.64,10.710000038146973
2019-12-13,28.23281478881836,-0.0541115749074672,35.33668107921571,3.58,10.75
2019-12-16,28.61495590209961,1.3535352962135372,35.33668107921571,2.27,10.729999542236328
2019-12-17,28.72960662841797,0.4006671431212805,35.33668107921571,1.35,10.746000289916992
2019-12-18,28.77545547485352,0.1595874493812044,35.33668107921571,1.34,10.710000038146973
2019-12-19,28.77545547485352,0.0,35.33668107921571,1.92,10.696000099182127
2019-12-20,28.928321838378903,0.5312387275988595,35.33668107921571,2.07,10.694000244140623
2019-12-23,29.127037048339844,0.6869227018115653,35.33668107921571,2.62,10.694000244140623
2019-12-27,28.935958862304688,-0.3159566277660341,35.33668107921571,2.6,10.706000328063965
2019-12-30,28.737239837646484,-0.6867545865814617,35.33668107921571,2.97,10.657999992370604
2020-01-03,29.677322387695312,1.8091440716410327,35.33668107921571,1.91,10.715999603271484
2020-01-06,30.45689010620117,2.62681285165094,35.33668107921571,5.01,10.711999893188477
2020-01-07,30.13589096069336,-1.0539459031716936,35.33668107921571,2.46,10.70199966430664
2020-01-08,29.677322387695312,-1.5216692069803583,35.33668107921571,0.98,10.678000450134276
2020-01-09,29.77667999267578,0.3347930237185492,35.33668107921571,3.8,10.666000366210938
2020-01-10,29.608531951904297,-0.5646970743979685,35.33668107921571,2.12,10.685999870300291
2020-01-13,29.654386520385746,0.1548694428887387,35.33668107921571,1.83,10.64799976348877
2020-01-14,29.669677734375,0.0515647625309867,35.33668107921571,1.29,10.652000427246094
2020-01-15,29.585599899291992,-0.2833796707727543,35.33668107921571,0.88,10.673999786376951
2020-01-16,29.68495178222656,0.3358116221160223,35.33668107921571,2.15,10.666000366210938
2020-01-17,29.6314640045166,-0.1801848226076097,35.33668107921571,1.68,10.670000076293944
2020-01-21,29.287532806396484,-1.1606959347931434,35.33668107921571,1.52,10.699999809265137
2020-01-22,28.951248168945312,-1.1482177064014332,35.33668107921571,2.12,10.710000038146973
2020-01-23,29.195816040039062,0.8447576065341744,35.33668107921571,1.91,10.755999565124512
2020-01-24,29.142318725585938,-0.1832362362461759,35.33668107921571,3.83,10.77400016784668
2020-01-27,28.61495590209961,-1.8096117486469,35.33668107921571,2.13,10.843999862670898
2020-01-28,28.592029571533203,-0.0801200974932303,35.33668107921571,2.67,10.83199977874756
2020-01-29,28.408599853515625,-0.6415414392275443,35.33668107921571,3.01,10.859999656677246
2020-01-30,28.30159950256348,-0.3766477457667005,35.33668107921571,3.13,10.883999824523926
2020-01-31,27.613740921020508,-2.430458326147489,35.33668107921571,0.27,10.90999984741211
2020-02-03,26.92587661743164,-2.4910217907681,35.33668107921571,2.0,10.892000198364258
2020-02-04,27.89652633666992,3.604895517533091,35.33668107921571,1.92,10.87399959564209
2020-02-05,28.79074478149414,3.20548312729807,35.33668107921571,0.8,10.843999862670898
2020-02-06,28.186954498291016,-2.0971679884822736,35.33668107921571,2.74,10.847999572753906
2020-02-07,27.79717063903809,-1.3828519830922592,35.33668107921571,1.35,10.86400032043457
2020-02-10,27.65959548950196,-0.494925009896241,35.33668107921571,2.13,10.883999824523926
2020-02-11,27.93474578857422,0.9947734021515052,35.33668107921571,1.78,10.866000175476074
2020-02-12,28.408599853515625,1.6962891609173747,35.33668107921571,1.22,10.878000259399414
2020-02-13,28.12871360778809,-0.9852166145840612,35.33668107921571,0.85,10.892000198364258
2020-02-14,27.988773345947266,-0.4974996858799652,35.33668107921571,3.14,10.890000343322754
2020-02-18,28.05874824523925,0.2500105968457067,35.33668107921571,1.49,10.895999908447266
2020-02-19,28.183135986328125,0.4433117970969125,35.33668107921571,1.07,10.904000282287598
2020-02-20,27.97321319580078,-0.7448524913238108,35.33668107921571,0.74,10.935999870300291
2020-02-21,27.491193771362305,-1.723146429638034,35.33668107921571,3.88,10.937999725341797
2020-02-24,26.48048973083496,-3.6764647215145607,35.33668107921571,0.76,10.947999954223633
2020-02-25,25.601951599121094,-3.317680830845293,35.33668107921571,3.49,10.95400047302246
2020-02-26,25.407581329345703,-0.7592009891232765,35.33668107921571,1.93,10.93000030517578
2020-02-27,24.51349639892578,-3.5189690778919425,35.33668107921571,4.38,10.913999557495115
2020-02-28,24.326904296875,-0.761181102092634,35.33668107921571,2.18,10.960000038146973
2020-03-02,25.05772399902344,3.004162359623863,35.33668107921571,1.09,10.960000038146973
2020-03-03,24.816707611083984,-0.9618446908779332,35.33668107921571,1.19,11.015999794006348
2020-03-04,25.765214920043945,3.822051352760125,35.33668107921571,1.78,11.008000373840332
2020-03-05,25.34538459777832,-1.62944622650526,35.33668107921571,1.35,11.003999710083008
2020-03-06,24.29580879211425,-4.141092440775451,35.33668107921571,4.33,11.031999588012695
2020-03-09,19.654333114624023,-19.104017969538543,35.33668107921571,2.83,11.034000396728516
2020-03-10,20.82831382751465,5.973139388876603,35.33668107921571,2.28,10.977999687194824
2020-03-11,19.172306060791016,-7.950752905096003,35.33668107921571,3.79,11.026000022888184
2020-03-12,16.769935607910156,-12.530419894526457,35.33668107921571,2.85,10.902000427246094
2020-03-13,17.236417770385742,2.781657445694385,35.33668107921571,2.32,10.708000183105469
2020-03-16,14.647453308105469,-15.02031626738839,35.33668107921571,2.27,10.555999755859377
2020-03-17,14.647453308105469,0.0,35.33668107921571,1.59,10.425999641418455
2020-03-18,12.524974822998049,-14.490426700543946,35.33668107921571,2.55,10.300000190734863
2020-03-19,13.216919898986816,5.5245226898040345,35.33668107921571,0.75,10.435999870300291
2020-03-20,13.52012825012207,2.2940923713890227,35.33668107921571,2.19,10.649999618530272
2020-03-23,14.142107009887695,4.600390974545743,35.33668107921571,1.79,10.685999870300291
2020-03-24,17.197546005249023,21.60526004523276,35.33668107921571,1.59,10.571999549865724
2020-03-25,18.884645462036133,9.810117421823872,35.33668107921571,1.39,10.508000373840332
2020-03-26,18.9857120513916,0.5351786431926575,35.33668107921571,1.67,10.694000244140623
2020-03-27,17.376361846923828,-8.476638643372937,35.33668107921571,1.7,10.751999855041504
2020-03-30,18.596981048583984,7.024595898802866,35.33668107921571,2.47,10.720000267028809
2020-03-31,18.96238899230957,1.9648777550021144,35.33668107921571,2.78,10.592000007629396
2020-04-01,18.94684219360352,-0.0819875528993763,35.33668107921571,1.07,10.64799976348877
2020-04-02,20.237436294555664,6.811658047101132,35.33668107921571,1.14,10.699999809265137
2020-04-03,19.21895217895508,-5.032673609327587,35.33668107921571,0.8,10.63599967956543
2020-04-06,19.47551918029785,1.3349687275028277,35.33668107921571,2.17,10.640000343322754
2020-04-07,19.281152725219727,-0.9980039724679202,35.33668107921571,2.27,10.605999946594238
2020-04-08,19.739858627319336,2.379037750681912,35.33668107921571,1.57,10.55799961090088
2020-04-09,19.3588981628418,-1.9299047256108648,35.33668107921571,0.93,10.586000442504885
2020-04-14,19.00126075744629,-1.886816795626034,35.33668107921571,1.77,10.567999839782717
2020-04-15,17.757320404052734,-6.546620086280719,35.33668107921571,1.09,10.60200023651123
2020-04-16,16.987628936767578,-4.334502333524881,35.33668107921571,1.09,10.60200023651123
2020-04-17,18.21602439880371,7.231117812901044,35.33668107921571,1.72,10.621999740600586
2020-04-20,17.376361846923828,-4.609472042291651,35.33668107921571,1.39,10.550000190734863
2020-04-21,16.824359893798828,-3.176740666359468,35.33668107921571,2.84,10.508000373840332
2020-04-22,18.13827896118164,7.809622925785731,35.33668107921571,2.61,10.447999954223633
2020-04-23,18.177152633666992,0.2143184177977763,35.33668107921571,1.84,10.526000022888184
2020-04-24,18.184925079345703,0.0427594235211215,35.33668107921571,9.39,10.588000297546388
2020-04-27,18.90019416809082,3.9333078669513633,35.33668107921571,2.92,10.612000465393066
2020-04-28,18.78357696533203,-0.6170158979407425,35.33668107921571,1.63,10.628000259399414
2020-04-29,19.77095603942871,5.256608344188329,35.33668107921571,2.21,10.633999824523926
2020-04-30,18.503686904907227,-6.40975141512733,35.33668107921571,4.01,10.711999893188477
2020-05-04,18.076078414916992,1.8396550566174508,35.33668107921571,2.59,10.70199966430664
2020-05-05,18.5581111907959,2.666688895756919,35.33668107921571,1.17,10.657999992370604
2020-05-06,18.3326473236084,-1.2149074055517128,35.33668107921571,2.37,10.607999801635742
2020-05-07,18.70582771301269,2.0356055664896955,35.33668107921571,0.46,10.621999740600586
2020-05-08,19.18484878540039,2.560811955166597,35.33668107921571,1.44,10.63599967956543
2020-05-11,18.76171493530273,-2.205562602190847,35.33668107921571,1.58,10.63599967956543
2020-05-12,18.41042900085449,-1.8723551426914065,35.33668107921571,1.99,10.666000366210938
2020-05-13,17.74778175354004,-3.5993036733891315,35.33668107921571,2.61,10.708000183105469
2020-05-14,17.675928115844727,-0.404859822445025,35.33668107921571,1.25,10.699999809265137
2020-05-15,17.42045021057129,-1.445343653804676,35.33668107921571,1.18,10.687999725341797
2020-05-18,18.769699096679688,7.745201012598568,35.33668107921571,1.59,10.656000137329102
2020-05-19,18.290678024291992,-2.552097771628281,35.33668107921571,4.14,10.711999893188477
2020-05-20,18.857521057128903,3.0990815763313195,35.33668107921571,4.32,10.722000122070312
2020-05-22,18.3465633392334,-1.7108487855281962,35.33668107921571,2.81,10.734000205993652
2020-05-26,18.570104598999023,1.218436693740843,35.33668107921571,3.6,10.710000038146973
2020-05-27,19.10501480102539,2.880491055797285,35.33668107921571,1.56,10.741999626159668
2020-05-28,18.570104598999023,-2.799841861403096,35.33668107921571,1.96,10.77400016784668
2020-05-29,18.47429847717285,-0.5159158975945433,35.33668107921571,1.16,10.78600025177002
2020-06-02,19.91935157775879,4.656065249971064,35.33668107921571,3.27,10.763999938964844
2020-06-03,20.67780303955078,3.807611200752392,35.33668107921571,2.17,10.718000411987305
2020-06-04,20.51014709472656,-0.8108015368148203,35.33668107921571,0.98,10.744000434875488
2020-06-05,22.122852325439453,7.8629627728391105,35.33668107921571,2.35,10.72599983215332
2020-06-08,22.657764434814453,2.4179165575312966,35.33668107921571,1.57,10.748000144958496
2020-06-09,21.82745933532715,-3.6645499686258174,35.33668107921571,1.0,10.72599983215332
2020-06-10,21.06102180480957,-3.5113455887974987,35.33668107921571,1.51,10.727999687194824
2020-06-11,19.216785430908203,-8.756632944941977,35.33668107921571,2.05,10.788000106811523
2020-06-12,19.75968170166016,2.825114911668636,35.33668107921571,1.93,10.79599952697754
2020-06-15,19.44830894470215,-1.5757984448294349,35.33668107921571,2.08,10.803999900817873
2020-06-16,19.600004196166992,0.7799919874584615,35.33668107921571,2.24,10.812000274658203
2020-06-17,18.921390533447266,-3.462313864465582,35.33668107921571,1.27,10.80799961090088
2020-06-18,18.91340446472168,-0.0422065635792945,35.33668107921571,0.99,10.842000007629396
2020-06-19,18.89743995666504,-0.0844084315249404,35.33668107921571,1.84,10.847999572753906
2020-06-22,19.057109832763672,0.8449286065455475,35.33668107921571,0.77,10.878000259399414
2020-06-23,19.29662322998047,1.2568191048834445,35.33668107921571,2.33,10.847999572753906
2020-06-24,18.47429847717285,-4.261495615098088,35.33668107921571,1.66,10.87399959564209
2020-06-25,18.76171493530273,1.5557638547683883,35.33668107921571,1.88,10.892000198364258
2020-06-26,18.17091941833496,-3.148941975747166,35.33668107921571,1.91,10.890000343322754
2020-06-29,18.74574279785156,3.1634248453965785,35.33668107921571,1.05,10.890000343322754
2020-06-30,18.61800765991211,-0.6814087834070448,35.33668107921571,1.31,10.894000053405762
2020-07-01,18.53018379211425,-0.4717146399448091,35.33668107921571,1.09,10.842000007629396
2020-07-02,18.689861297607425,0.861715713586797,35.33668107921571,3.32,10.881999969482422
2020-07-06,18.873485565185547,0.98248063297095,35.33668107921571,1.55,10.88599967956543
2020-07-07,18.378496170043945,-2.622670801490268,35.33668107921571,3.62,10.894000053405762
2020-07-08,18.49026679992676,0.6081598235713859,35.33668107921571,1.94,10.907999992370604
2020-07-09,17.60407257080078,-4.792760638421322,35.33668107921571,1.47,10.91800022125244
2020-07-10,17.93140983581543,1.8594405567129435,35.33668107921571,3.64,10.925999641418455
2020-07-13,17.93140983581543,0.0,35.33668107921571,2.01,10.880000114440918
2020-07-14,18.58607292175293,3.650929246120427,35.33668107921571,2.33,10.911999702453612
2020-07-15,19.00920867919922,2.276628092592148,35.33668107921571,1.28,10.913999557495115
2020-07-16,18.93735313415528,-0.3780038730521906,35.33668107921571,0.99,10.928000450134276
2020-07-17,18.56212043762207,-1.9814421470360388,35.33668107921571,2.12,10.91800022125244
2020-07-20,18.31462478637696,-1.3333371695158691,35.33668107921571,2.53,10.95400047302246
2020-07-21,19.23275184631348,5.013081461649471,35.33668107921571,2.75,10.944000244140623
2020-07-22,18.721797943115234,-2.656686402867414,35.33668107921571,1.16,10.970000267028809
2020-07-23,18.53816795349121,-0.9808352284431776,35.33668107921571,1.97,10.977999687194824
2020-07-24,18.306640625,-1.2489223804211358,35.33668107921571,1.17,10.95199966430664
2020-07-27,18.47429847717285,0.9158307939026944,35.33668107921571,0.94,10.979999542236328
2020-07-28,18.21882057189941,-1.3828828498636092,35.33668107921571,1.96,10.979999542236328
2020-07-29,18.53816795349121,1.752843332154863,35.33668107921571,1.26,10.973999977111816
2020-07-30,17.91543960571289,-3.3591687665179726,35.33668107921571,2.59,11.01200008392334
2020-07-31,17.596094131469727,-1.7825154239661023,35.33668107921571,0.1,10.98799991607666
2020-08-03,17.63601303100586,0.2268622754452165,35.33668107921571,1.04,10.982000350952148
2020-08-04,18.95332145690918,7.469423069643688,35.33668107921571,2.25,11.022000312805176
2020-08-05,19.120981216430664,0.8845930245137357,35.33668107921571,1.27,10.998000144958496
2020-08-06,18.570104598999023,-2.8810060069421106,35.33668107921571,1.49,11.022000312805176
2020-08-07,18.3465633392334,-1.203769524150522,35.33668107921571,1.23,11.013999938964844
2020-08-10,18.76171493530273,2.26283030992267,35.33668107921571,2.94,11.026000022888184
2020-08-11,19.00920867919922,1.319142438470755,35.33668107921571,1.05,10.994000434875488
2020-08-12,19.36847496032715,1.88995916237722,35.33668107921571,1.6,10.97599983215332
2020-08-13,18.96808624267578,-2.067218603795562,35.33668107921571,0.95,10.935999870300291
2020-08-14,18.59599876403809,-1.961650078332866,35.33668107921571,4.29,10.944000244140623
2020-08-17,18.40187263488769,-1.0439134332800748,35.33668107921571,4.27,10.972000122070312
2020-08-18,18.08641242980957,-1.7142831674644363,35.33668107921571,1.11,10.977999687194824
2020-08-19,17.98934555053711,-0.5366839866621564,35.33668107921571,2.83,10.991999626159668
2020-08-20,17.762866973876953,-1.258959510360813,35.33668107921571,1.31,11.010000228881836
2020-08-21,17.358428955078125,-2.2768735440828136,35.33668107921571,0.96,11.005999565124512
2020-08-24,17.722415924072266,2.096888894358484,35.33668107921571,4.08,10.994000434875488
2020-08-25,17.48784637451172,-1.3235754682968004,35.33668107921571,2.39,10.93000030517578
2020-08-26,17.293716430664062,-1.110084910916176,35.33668107921571,1.2,10.93000030517578
2020-08-27,17.099586486816406,-1.1225461260798597,35.33668107921571,1.09,10.916000366210938
2020-08-28,17.293716430664062,1.1352902831733849,35.33668107921571,1.3,10.911999702453612
2020-08-31,16.92972183227539,-2.10477950097101,35.33668107921571,1.34,10.817999839782717
2020-09-01,16.800304412841797,-0.7644391367781833,35.33668107921571,1.26,10.899999618530272
2020-09-02,16.63852882385254,-0.9629324863042354,35.33668107921571,1.8,10.96399974822998
2020-09-03,16.670879364013672,0.1944314939356761,35.33668107921571,1.08,10.968000411987305
2020-09-04,16.6142635345459,-0.3396091365761244,35.33668107921571,1.08,10.947999954223633
2020-09-08,16.29880142211914,-1.898742678366816,35.33668107921571,0.68,10.95199966430664
2020-09-09,16.436311721801758,0.8436835085063432,35.33668107921571,2.92,10.937999725341797
2020-09-10,16.10466766357422,-2.017752302590081,35.33668107921571,2.89,10.923999786376951
2020-09-11,16.226001739501953,0.7534093746136117,35.33668107921571,2.22,10.961999893188477
2020-09-14,16.048053741455078,-1.0966842041786773,35.33668107921571,1.07,10.970000267028809
2020-09-15,15.902454376220703,-0.9072711718198234,35.33668107921571,1.67,10.979999542236328
2020-09-16,16.14511489868164,1.5259312601694663,35.33668107921571,1.57,10.991999626159668
2020-09-17,15.821566581726074,-2.004001327869065,35.33668107921571,1.52,11.0
2020-09-18,15.271530151367188,-3.4764979025160514,35.33668107921571,1.92,10.991999626159668
2020-09-21,14.818562507629396,-2.9660920631272902,35.33668107921571,2.29,11.027999877929688
2020-09-22,14.94798183441162,0.8733595226635193,35.33668107921571,2.07,11.029999732971191
2020-09-23,14.5354585647583,-2.759725521632983,35.33668107921571,4.25,11.034000396728516
2020-09-24,14.503103256225586,-0.2225957192101391,35.33668107921571,2.11,11.022000312805176
2020-09-25,14.446481704711914,-0.390409904096678,35.33668107921571,3.49,11.03600025177002
2020-09-28,14.705323219299316,1.7917270092342008,35.33668107921571,2.77,11.043999671936035
2020-09-29,14.292797088623049,-2.805284348560721,35.33668107921571,3.37,11.055999755859377
2020-09-30,14.122929573059082,-1.1884833634081216,35.33668107921571,0.49,11.038000106811523
2020-10-01,13.613340377807615,-3.608240008670427,35.33668107921571,1.44,11.043999671936035
2020-10-02,13.629517555236816,0.1188332692802607,35.33668107921571,1.78,11.0600004196167
2020-10-05,13.904536247253418,2.017816778194992,35.33668107921571,6.55,11.041999816894531
2020-10-06,13.69422721862793,-1.512520985135557,35.33668107921571,3.35,11.043999671936035
2020-10-07,13.775118827819824,0.5906986053353824,35.33668107921571,2.34,11.031999588012695
2020-10-08,14.147196769714355,2.7010869854936725,35.33668107921571,1.11,11.064000129699709
2020-10-09,14.042044639587402,-0.7432718427445528,35.33668107921571,1.11,11.08199977874756
2020-10-12,13.944979667663574,-0.691245288098441,35.33668107921571,1.45,11.10200023651123
2020-10-13,13.492009162902832,-3.248269381210478,35.33668107921571,0.9,11.107999801635742
2020-10-14,13.41921043395996,-0.5395692225219961,35.33668107921571,2.91,11.12600040435791
2020-10-15,13.297881126403809,-0.904146396341654,35.33668107921571,2.16,11.13599967956543
2020-10-16,13.144192695617676,-1.155736235910354,35.33668107921571,1.1,11.149999618530272
2020-10-19,12.966242790222168,-1.3538290978862275,35.33668107921571,2.17,11.130000114440918
2020-10-20,13.063305854797363,0.7485828095737279,35.33668107921571,2.22,11.11400032043457
2020-10-21,12.804468154907228,-1.981410393105676,35.33668107921571,2.84,11.093999862670898
2020-10-22,13.022863388061523,1.7056173713126732,35.33668107921571,3.17,11.07800006866455
2020-10-23,12.98241901397705,-0.3105643734353291,35.33668107921571,1.49,11.092000007629396
2020-10-26,12.78020191192627,-1.5576226728860942,35.33668107921571,2.9,11.10200023651123
2020-10-27,12.440475463867188,-2.6582244193032234,35.33668107921571,4.22,11.13599967956543
2020-10-28,12.05221462249756,-3.1209485722416,35.33668107921571,2.43,11.121999740600586
2020-10-29,12.343408584594728,2.416103357084287,35.33668107921571,1.73,11.149999618530272
2020-10-30,12.5213623046875,1.441690266292173,35.33668107921571,2.12,11.140000343322754
2020-11-02,13.022863388061523,4.005163904460152,35.33668107921571,1.08,11.17199993133545
2020-11-03,13.087573051452637,0.4968927451886928,35.33668107921571,3.27,11.17199993133545
2020-11-04,13.047128677368164,-0.3090288315906186,35.33668107921571,2.98,11.20400047302246
2020-11-05,13.0595064163208,0.0948694479737,35.33668107921571,3.02,11.19200038909912
2020-11-06,12.90275764465332,-1.2002656660253797,35.33668107921571,2.06,11.18000030517578
2020-11-09,14.915717124938965,15.601002016183577,35.33668107921571,1.45,11.050000190734863
2020-11-10,15.757203102111816,5.641605898826629,35.33668107921571,1.5,11.07800006866455
2020-11-11,15.575703620910645,-1.1518508711539477,35.33668107921571,1.04,11.097999572753906
2020-11-12,15.080716133117676,-3.177946241404084,35.33668107921571,3.65,11.131999969482422
2020-11-13,15.50970458984375,2.8446159515197245,35.33668107921571,1.31,11.14799976348877
2020-11-16,16.301694869995117,5.106417569487354,35.33668107921571,1.92,11.154000282287598
2020-11-17,16.540935516357422,1.4675814280062929,35.33668107921571,2.59,11.17199993133545
2020-11-18,16.13669776916504,-2.443862662983176,35.33668107921571,0.99,11.170000076293944
2020-11-19,16.11194610595703,-0.1533874127289225,35.33668107921571,1.33,11.175999641418455
2020-11-20,16.078950881958008,-0.2047873284954926,35.33668107921571,2.06,11.182000160217283
2020-11-23,16.837934494018555,4.720355311938862,35.33668107921571,1.48,11.173999786376951
2020-11-24,18.034160614013672,7.104351905039552,35.33668107921571,1.84,11.175999641418455
2020-11-25,17.662918090820312,-2.0585517182589608,35.33668107921571,3.38,11.175999641418455
2020-11-27,17.40717315673828,-1.4479200592281805,35.33668107921571,2.08,11.187999725341797
2020-11-30,16.13669776916504,-7.298573847307566,35.33668107921571,0.65,11.17199993133545
2020-12-01,16.697681427001953,3.476446456776761,35.33668107921571,2.15,11.12399959564209
2020-12-02,17.382427215576172,4.100843530688714,35.33668107921571,1.8,11.131999969482422
2020-12-03,17.62166976928711,1.3763472197746651,35.33668107921571,2.4,11.15999984741211
2020-12-04,18.37240219116211,4.260279710742587,35.33668107921571,4.76,11.152000427246094
2020-12-07,17.885665893554688,-2.6492795691222204,35.33668107921571,1.84,11.22599983215332
2020-12-08,17.97640609741211,0.5073347808097095,35.33668107921571,4.08,11.20199966430664
2020-12-09,18.0671615600586,0.5048587696266482,35.33668107921571,1.62,11.232000350952148
2020-12-10,18.48789978027344,2.3287455465333062,35.33668107921571,4.25,11.333999633789062
2020-12-11,18.174409866333008,-1.69564914168846,35.33668107921571,1.9,11.255999565124512
2020-12-14,17.62166976928711,-3.041309737763842,35.33668107921571,2.01,11.26200008392334
2020-12-15,18.100160598754883,2.7153546498853265,35.33668107921571,2.65,11.258000373840332
2020-12-16,18.00941276550293,-0.5013647959465906,35.33668107921571,2.41,11.223999977111816
2020-12-17,18.0671615600586,0.3206589537793292,35.33668107921571,1.13,11.223999977111816
2020-12-18,17.935165405273438,-0.7305860101287975,35.33668107921571,1.19,11.0600004196167
2020-12-21,17.060680389404297,-4.8758123837096985,35.33668107921571,2.79,11.215999603271484
2020-12-22,16.89568328857422,-0.9671191128611256,35.33668107921571,1.2,11.223999977111816
2020-12-23,17.4979190826416,3.56443586081332,35.33668107921571,0.69,11.19200038909912
2020-12-28,17.316423416137695,-0.3323829984839266,35.33668107921571,0.79,11.215999603271484
2020-12-29,17.382427215576172,0.3811630026149926,35.33668107921571,1.77,11.227999687194824
2020-12-30,17.349422454833984,-0.1898742927720298,35.33668107921571,1.33,11.236000061035156
2021-01-04,17.18442726135254,1.5107311089037845,35.33668107921571,1.78,11.199999809265137
2021-01-05,18.4631462097168,7.44114964622693,35.33668107921571,1.23,11.178000450134276
2021-01-06,19.31288719177246,4.602362849775088,35.33668107921571,1.64,11.173999786376951
2021-01-07,19.72537422180176,2.135812351273003,35.33668107921571,-2.55,11.194000244140623
2021-01-08,20.129619598388672,2.0493673379342825,35.33668107921571,1.13,11.196000099182127
2021-01-11,20.11311721801757,-0.0819805873153001,35.33668107921571,3.14,11.175999641418455
2021-01-12,20.632858276367188,2.5840900379381138,35.33668107921571,2.34,11.154000282287598
2021-01-13,20.44311714172364,-0.9196066395749104,35.33668107921571,1.34,11.184000015258787
2021-01-14,21.012353897094727,2.784490992370748,35.33668107921571,1.31,11.194000244140623
2021-01-15,20.014123916625977,-4.7506813627709255,35.33668107921571,2.18,11.194000244140623
2021-01-19,20.33586883544922,1.6075893212391223,35.33668107921571,1.21,11.182000160217283
2021-01-20,20.467866897583008,0.6490898579346149,35.33668107921571,1.25,11.1899995803833
2021-01-21,19.816131591796875,-3.184187727266752,35.33668107921571,1.77,11.149999618530272
2021-01-22,19.692380905151367,-0.624494675321674,35.33668107921571,0.68,11.112000465393066
2021-01-25,19.032390594482425,-3.351500836022814,35.33668107921571,3.7,11.163999557495115
2021-01-26,18.999391555786133,-0.1733835722447563,35.33668107921571,1.78,11.157999992370604
2021-01-27,18.751895904541016,-1.302650406032313,35.33668107921571,1.36,11.170000076293944
2021-01-28,18.859146118164062,0.5719433073275271,35.33668107921571,2.88,11.157999992370604
2021-01-29,18.33115577697754,-2.7996513621472707,35.33668107921571,2.4,11.142000198364258
2021-02-01,18.32291030883789,-0.0449806233713045,35.33668107921571,3.87,11.13599967956543
2021-02-02,17.118427276611328,-6.573644753615316,35.33668107921571,2.59,11.116000175476074
2021-02-03,17.54741859436035,2.506020622204863,35.33668107921571,6.95,11.095999717712402
2021-02-04,17.316423416137695,-1.3164054700153804,35.33668107921571,9.97,11.105999946594238
2021-02-05,17.167924880981445,-0.857558928813551,35.33668107921571,3.12,11.07800006866455
2021-02-08,18.174409866333008,5.862589639278659,35.33668107921571,3.73,11.064000129699709
2021-02-09,17.926910400390625,-1.3618019388946467,35.33668107921571,0.74,11.06999969482422
2021-02-10,17.803165435791016,-0.6902749098188887,35.33668107921571,2.01,11.05799961090088
2021-02-11,17.629915237426758,-0.9731426638094344,35.33668107921571,1.15,11.065999984741213
2021-02-12,18.075408935546875,2.5269191151547465,35.33668107921571,2.39,11.04599952697754
2021-02-16,19.12313842773437,5.796435897652352,35.33668107921571,1.86,10.970000267028809
2021-02-17,19.453134536743164,1.7256378196279345,35.33668107921571,3.78,10.977999687194824
2021-02-18,18.780027389526367,-3.46014749420166,35.33668107921571,1.12,10.9399995803833
2021-02-19,19.122852325439453,1.8254762296261664,35.33668107921571,1.43,10.925999641418455
2021-02-22,19.758331298828125,3.323139051506896,35.33668107921571,4.08,10.944000244140623
2021-02-23,20.260025024414062,2.53915028550864,35.33668107921571,2.72,10.911999702453612
2021-02-24,21.154708862304688,4.416005591367722,35.33668107921571,4.08,10.88599967956543
2021-02-25,21.39719009399414,1.146228167297192,35.33668107921571,2.82,10.826000213623049
2021-02-26,20.41052627563477,-4.611184057463302,35.33668107921571,3.6,10.869999885559082
2021-03-01,20.552677154541016,0.6964586654286453,35.33668107921571,4.13,10.965999603271484
2021-03-02,20.711545944213867,0.7729834341204,35.33668107921571,1.09,10.934000015258787
2021-03-03,21.38882827758789,3.270071365982385,35.33668107921571,4.99,10.892000198364258
2021-03-04,21.765100479125977,1.7591996936660692,35.33668107921571,3.7,10.892000198364258
2021-03-05,22.383852005004883,2.842860874785869,35.33668107921571,5.09,10.887999534606934
2021-03-08,22.19154167175293,-0.8591476266415321,35.33668107921571,5.21,10.880000114440918
2021-03-09,21.831995010375977,-1.6201968601154526,35.33668107921571,3.48,10.925999641418455
2021-03-10,22.28351783752441,2.068170256240176,35.33668107921571,1.77,10.92199993133545
2021-03-11,22.28351783752441,0.0,35.33668107921571,1.42,10.947999954223633
2021-03-12,22.54272079467773,1.1632048361629677,35.33668107921571,3.06,10.90999984741211
2021-03-15,22.14973258972168,-1.743304229047804,35.33668107921571,6.17,10.925999641418455
2021-03-16,21.80691146850586,-1.547743837661053,35.33668107921571,1.04,10.93000030517578
2021-03-17,22.133007049560547,1.4953771950954264,35.33668107921571,1.61,10.878000259399414
2021-03-18,21.24668312072754,-4.0045346158718464,35.33668107921571,0.56,10.86400032043457
2021-03-19,21.27177047729492,0.1180765789409621,35.33668107921571,2.02,10.883999824523926
2021-03-22,21.196516036987305,-0.3537761014671625,35.33668107921571,3.42,10.892000198364258
2021-03-23,20.11787414550781,-5.088769727993469,35.33668107921571,1.33,10.92199993133545
2021-03-24,20.694822311401367,2.867838628080799,35.33668107921571,19.95,10.9399995803833
2021-03-25,20.544313430786133,-0.7272779555701492,35.33668107921571,1.22,10.958000183105469
2021-03-26,21.096174240112305,2.686197381019295,35.33668107921571,3.4,10.932000160217283
2021-03-29,21.05437088012696,-0.1981561183063585,35.33668107921571,2.54,10.904000282287598
2021-03-30,20.803524017333984,-1.1914241666073244,35.33668107921571,4.02,10.87399959564209
2021-03-31,20.360361099243164,-2.130230040456449,35.33668107921571,1.98,10.890000343322754
2021-04-01,20.552677154541016,0.9445611222730356,35.33668107921571,0.78,10.913999557495115
2021-04-06,20.987478256225582,3.4624989116369465,35.33668107921571,2.65,10.89799976348877
2021-04-07,21.21324348449707,1.0757139353057663,35.33668107921571,2.96,10.895999908447266
2021-04-08,20.669734954833984,-2.562118942632652,35.33668107921571,4.79,10.904000282287598
2021-04-09,20.3938045501709,-1.3349489254024238,35.33668107921571,1.17,10.869999885559082
2021-04-12,20.586122512817383,0.9430215052486312,35.33668107921571,2.55,10.857999801635742
2021-04-13,20.586122512817383,0.0,35.33668107921571,1.27,10.862000465393066
2021-04-14,21.35538673400879,3.736809691637877,35.33668107921571,1.53,10.850000381469728
2021-04-15,21.07109260559082,-1.3312525404432285,35.33668107921571,0.47,10.880000114440918
2021-04-16,21.05437088012696,-0.0793586064892992,35.33668107921571,1.22,10.86400032043457
2021-04-19,21.163068771362305,0.516272330596923,35.33668107921571,2.35,10.842000007629396
2021-04-20,20.71990776062012,-2.0940300082654795,35.33668107921571,1.08,10.868000030517578
2021-04-21,20.87041282653809,0.7263790343894128,35.33668107921571,1.21,10.866000175476074
2021-04-22,20.35199928283692,-2.483964011684403,35.33668107921571,6.28,10.857999801635742
2021-04-23,20.50250816345215,0.7395287240510084,35.33668107921571,1.35,10.855999946594238
2021-04-26,20.83696937561035,1.6313185171871636,35.33668107921571,21.53,10.85200023651123
2021-04-27,20.85369300842285,0.0802594298193515,35.33668107921571,0.84,10.842000007629396
2021-04-28,21.43899917602539,2.8067266904050703,35.33668107921571,1.26,10.826000213623049
2021-04-29,21.32194328308105,-0.5459951371015292,35.33668107921571,1.47,10.791999816894531
2021-04-30,21.037647247314453,-1.3333495544573082,35.33668107921571,1.6,10.78600025177002
2021-05-03,21.48080825805664,2.1065141245714125,35.33668107921571,1.18,10.791999816894531
2021-05-04,21.673126220703125,0.8953013328739878,35.33668107921571,0.36,10.81999969482422
2021-05-05,22.392213821411133,3.3178766800199933,35.33668107921571,2.98,10.80799961090088
2021-05-06,22.42182922363281,0.1322575894365574,35.33668107921571,2.14,10.788000106811523
2021-05-07,22.61643409729004,0.8679259471484624,35.33668107921571,3.9,10.77400016784668
2021-05-10,22.52336311340332,-0.4115192673007195,35.33668107921571,2.88,10.772000312805176
2021-05-11,21.97339057922364,-2.4417869188123498,35.33668107921571,1.57,10.73799991607666
2021-05-12,22.1595401763916,0.8471591878222773,35.33668107921571,2.17,10.711999893188477
2021-05-14,22.54874420166016,2.935507644126689,35.33668107921571,2.78,10.687999725341797
2021-05-17,22.912569046020508,1.6135037991763743,35.33668107921571,2.37,10.673999786376951
2021-05-18,22.726430892944336,-0.8123844720437479,35.33668107921571,0.26,10.666000366210938
2021-05-19,22.15107727050781,-2.5316497128246795,35.33668107921571,2.54,10.682000160217283
2021-05-20,22.438751220703125,1.2986905633629142,35.33668107921571,1.32,10.70400047302246
2021-05-21,22.438751220703125,0.0,35.33668107921571,2.36,10.723999977111816
2021-05-25,22.23568725585937,-2.7387144735378843,35.33668107921571,2.6,10.765999794006348
2021-05-26,22.261070251464844,0.1141543111008669,35.33668107921571,1.31,10.79800033569336
2021-05-27,22.23568725585937,-0.1140241476206616,35.33668107921571,0.64,10.776000022888184
2021-05-28,22.19338035583496,-0.1902657630393989,35.33668107921571,2.48,10.805999755859377
2021-06-01,22.86180686950684,3.011828315266696,35.33668107921571,0.33,10.789999961853027
2021-06-02,23.37792587280273,2.2575599830838344,35.33668107921571,1.97,10.79800033569336
2021-06-03,23.48792266845703,0.4705156319374959,35.33668107921571,1.4,10.789999961853027
2021-06-04,23.217172622680664,-1.1527202707456552,35.33668107921571,1.5,10.812000274658203
2021-06-07,23.06486892700196,-0.6559958792309084,35.33668107921571,1.58,10.791999816894531
2021-06-08,23.462541580200195,1.724148766927036,35.33668107921571,0.89,10.812000274658203
2021-06-09,23.344087600708008,-0.5048642283159488,35.33668107921571,0.96,10.836000442504885
2021-06-10,23.27639961242676,-0.2899577376465845,35.33668107921571,7.37,10.836000442504885
2021-06-11,23.301782608032227,0.1090503515497109,35.33668107921571,2.15,10.868000030517578
2021-06-14,23.724836349487305,1.815542392491687,35.33668107921571,3.11,10.85200023651123
2021-06-15,24.012510299682617,1.212543454284054,35.33668107921571,2.28,10.842000007629396
2021-06-16,23.63176727294922,-1.5856027628166405,35.33668107921571,5.36,10.843999862670898
2021-06-17,22.997180938720703,-2.685310526711704,35.33668107921571,2.09,10.824000358581545
2021-06-18,22.08338737487793,-3.973502518755268,35.33668107921571,0.89,10.821999549865724
2021-06-21,22.79411506652832,3.2183816711874424,35.33668107921571,4.57,10.805999755859377
2021-06-22,22.9717960357666,0.7795036952287449,35.33668107921571,3.78,10.79599952697754
2021-06-23,23.03948974609375,0.2946818360294978,35.33668107921571,2.97,10.793999671936035
2021-06-24,23.11564064025879,0.3305233536170293,35.33668107921571,2.27,10.80799961090088
2021-06-25,23.11564064025879,0.0,35.33668107921571,4.84,10.770000457763672
2021-06-28,22.387985229492188,-3.14789203592003,35.33668107921571,1.66,10.793999671936035
2021-06-29,22.22722244262696,-0.7180761699514537,35.33668107921571,6.35,10.793999671936035
2021-06-30,22.354145050048828,0.571023247504221,35.33668107921571,2.29,10.829999923706056
2021-07-01,22.912569046020508,2.4980780733122154,35.33668107921571,6.45,10.833999633789062
2021-07-02,22.827959060668945,-0.3692732368056228,35.33668107921571,2.69,10.854000091552734
2021-07-06,21.97339057922364,-3.743516795234125,35.33668107921571,1.45,10.89799976348877
2021-07-07,21.77033042907715,-0.9241184213895636,35.33668107921571,1.2,10.91800022125244
2021-07-08,21.64341354370117,-0.5829809785820372,35.33668107921571,1.57,10.91800022125244
2021-07-09,22.007238388061523,1.6809956693094597,35.33668107921571,2.09,10.89799976348877
2021-07-12,21.89724540710449,-0.499803651041919,35.33668107921571,1.64,10.907999992370604
2021-07-13,21.64341354370117,-1.159195408756597,35.33668107921571,1.64,10.916000366210938
2021-07-14,21.34727668762207,-1.3682539285273077,35.33668107921571,1.42,10.928000450134276
2021-07-15,20.85653305053711,-2.2988582771755195,35.33668107921571,1.3,10.932000160217283
2021-07-16,20.196571350097656,-3.16429244899098,35.33668107921571,0.76,10.958000183105469
2021-07-19,19.53660774230957,-3.267701216943908,35.33668107921571,1.92,10.972000122070312
2021-07-20,19.55352783203125,0.0866071016261349,35.33668107921571,0.54,10.994000434875488
2021-07-21,20.23041343688965,3.4617057887097458,35.33668107921571,0.32,10.977999687194824
2021-07-22,19.993501663208008,-1.1710673853537634,35.33668107921571,0.48,11.001999855041504
2021-07-23,19.917354583740234,-0.3808591448885567,35.33668107921571,2.01,11.02400016784668
2021-07-26,20.585777282714844,3.3559813185245257,35.33668107921571,2.23,11.010000228881836
2021-07-27,20.5180892944336,-0.3288094850714462,35.33668107921571,0.87,11.022000312805176
2021-07-28,20.64500617980957,0.6185609369114609,35.33668107921571,4.12,11.010000228881836
2021-07-29,20.83960723876953,0.9426059612918758,35.33668107921571,1.55,11.020000457763672
2021-07-30,20.4588623046875,-1.827025479509525,35.33668107921571,1.26,11.029999732971191
2021-08-02,20.374248504638672,-0.4135801824593277,35.33668107921571,0.91,11.053999900817873
2021-08-03,21.73648262023925,6.686058213584878,35.33668107921571,1.85,11.067999839782717
2021-08-04,21.20343589782715,-2.45231361359165,35.33668107921571,1.65,11.064000129699709
2021-08-05,21.44034576416016,1.1173182849921304,35.33668107921571,2.24,11.08199977874756
2021-08-06,21.6264877319336,0.8681854752762064,35.33668107921571,6.29,11.053999900817873
2021-08-09,21.38957977294922,-1.0954527703292194,35.33668107921571,3.69,11.0600004196167
2021-08-10,21.89724540710449,2.3734250020063685,35.33668107921571,1.75,11.079999923706056
2021-08-11,22.058006286621094,0.7341602860442054,35.33668107921571,5.36,11.04599952697754
2021-08-12,21.996309280395508,-0.2797034574380741,35.33668107921571,1.51,11.0600004196167
2021-08-13,21.61071014404297,-1.7530174332300752,35.33668107921571,2.33,11.055999755859377
2021-08-16,21.19083595275879,-1.94289862982554,35.33668107921571,0.41,11.055999755859377
2021-08-17,21.2251091003418,0.1617357033927957,35.33668107921571,0.42,11.050000190734863
2021-08-18,20.865219116210938,-1.6955860270469136,35.33668107921571,1.14,11.062000274658203
2021-08-19,20.18827247619629,-3.244378294061168,35.33668107921571,1.19,11.067999839782717
2021-08-20,20.256824493408203,0.339563562423395,35.33668107921571,4.71,11.074000358581545
2021-08-23,20.899490356445312,3.172589382142488,35.33668107921571,7.88,11.055999755859377
2021-08-24,21.12228012084961,1.066005728391306,35.33668107921571,1.75,11.05799961090088
2021-08-25,21.105144500732425,-0.0811258065850251,35.33668107921571,3.08,11.003999710083008
2021-08-26,20.822370529174805,-1.339834330666645,35.33668107921571,1.05,10.991999626159668
2021-08-27,21.37078285217285,2.6337650760255737,35.33668107921571,7.16,10.998000144958496
2021-08-30,21.165128707885746,-0.9623145100002728,35.33668107921571,4.19,11.0
2021-08-31,20.959476470947266,-0.971655971370744,35.33668107921571,1.94,10.949999809265137
2021-09-01,20.83094024658203,-0.6132606629912885,35.33668107921571,0.64,10.961999893188477
2021-09-02,21.28509330749512,2.180185126245582,35.33668107921571,1.96,10.968000411987305
2021-09-03,21.233678817749023,-0.241551629599801,35.33668107921571,2.8,10.94200038909912
2021-09-07,21.07086944580078,-0.766750657508064,35.33668107921571,1.55,10.913999557495115
2021-09-08,20.925199508666992,-0.6913333002631306,35.33668107921571,2.98,10.92199993133545
2021-09-09,20.83094024658203,-0.4504581284681119,35.33668107921571,0.88,10.968000411987305
2021-09-10,20.99374961853028,0.7815747634097203,35.33668107921571,0.93,10.932000160217283
2021-09-13,21.45647048950196,2.2040887377415164,35.33668107921571,2.15,10.944000244140623
2021-09-14,21.12228012084961,-1.5575272215244018,35.33668107921571,1.02,10.95199966430664
2021-09-15,22.08199882507324,4.54363212083484,35.33668107921571,1.25,10.93000030517578
2021-09-16,21.71353530883789,-1.6686148711183455,35.33668107921571,3.12,10.92199993133545
2021-09-17,21.62784767150879,-0.3946277568822487,35.33668107921571,2.13,10.911999702453612
2021-09-20,21.276519775390625,-1.6244237589160715,35.33668107921571,1.64,10.92199993133545
2021-09-21,21.61927795410156,1.610969191998146,35.33668107921571,4.12,10.934000015258787
2021-09-22,21.979171752929688,1.6646892629448296,35.33668107921571,4.41,10.934000015258787
2021-09-23,22.41618537902832,1.9883079808973303,35.33668107921571,0.36,10.899999618530272
2021-09-24,22.484731674194336,0.3057892946858986,35.33668107921571,1.92,10.862000465393066
2021-09-27,23.204519271850582,3.2012283183363355,35.33668107921571,2.15,10.857999801635742
2021-09-28,23.34162139892578,0.5908423504447091,35.33668107921571,1.84,10.83199977874756
2021-09-29,23.23022651672364,-0.4772371220418958,35.33668107921571,1.9,10.842000007629396
2021-09-30,23.41874122619629,0.811506118276295,35.33668107921571,0.6,10.826000213623049
2021-10-01,23.650102615356445,0.9879326430293212,35.33668107921571,3.81,10.843999862670898
2021-10-04,24.001426696777344,1.485507640853867,35.33668107921571,1.69,10.842000007629396
2021-10-05,24.35274887084961,1.4637553780060708,35.33668107921571,1.16,10.824000358581545
2021-10-06,24.087114334106445,-1.0907784503174978,35.33668107921571,1.12,10.8100004196167
2021-10-07,24.18994140625,0.4268966000545493,35.33668107921571,0.9,10.83199977874756
2021-10-08,24.73834800720215,2.267085280373826,35.33668107921571,1.23,10.78600025177002
2021-10-11,24.93543243408203,0.7966757797347901,35.33668107921571,1.63,10.772000312805176
2021-10-12,24.93543243408203,0.0,35.33668107921571,0.41,10.763999938964844
2021-10-13,25.012556076049805,0.309293380700959,35.33668107921571,1.07,10.788000106811523
2021-10-14,25.23534393310547,0.8907040782968556,35.33668107921571,1.16,10.842000007629396
2021-10-15,25.64665031433105,1.6298822093167686,35.33668107921571,0.88,10.824000358581545
2021-10-18,25.458131790161133,-0.7350609996213842,35.33668107921571,1.1,10.803999900817873
2021-10-19,25.58666610717773,0.5048851112722907,35.33668107921571,0.8,10.793999671936035
2021-10-20,25.81802558898925,0.904218942954116,35.33668107921571,1.42,10.791999816894531
2021-10-21,25.22677421569824,-2.290071993511267,35.33668107921571,1.62,10.781999588012695
2021-10-22,25.286760330200195,0.2377874950996394,35.33668107921571,0.64,10.779999732971191
2021-10-25,25.458131790161133,0.6777122008637448,35.33668107921571,1.76,10.79599952697754
2021-10-26,25.398149490356445,-0.2356115535071201,35.33668107921571,1.18,10.79800033569336
2021-10-27,25.063968658447266,-1.3157684264992089,35.33668107921571,3.71,10.845999717712402
2021-10-28,25.03825759887696,-0.1025817575846965,35.33668107921571,0.44,10.812000274658203
2021-10-29,24.6697998046875,-1.4715792132675376,35.33668107921571,1.12,10.77400016784668
2021-11-01,25.089672088623047,1.701968752319449,35.33668107921571,0.84,10.755999565124512
2021-11-02,23.94144630432129,-4.57648780839357,35.33668107921571,0.82,10.826000213623049
2021-11-03,23.358760833740234,-2.433793945338558,35.33668107921571,3.35,10.833999633789062
2021-11-04,23.40160179138184,0.1834042394051938,35.33668107921571,6.24,10.87600040435791
2021-11-05,23.864320755004883,1.9772961173685653,35.33668107921571,1.32,10.92199993133545
2021-11-08,24.009998321533203,0.6104408670327244,35.33668107921571,0.93,10.904000282287598
2021-11-09,24.16423225402832,0.6423737745820501,35.33668107921571,0.91,10.95400047302246
2021-11-10,23.772363662719727,-1.621688565103352,35.33668107921571,3.37,10.902000427246094
2021-11-11,23.763690948486328,-0.0364823387209001,35.33668107921571,2.87,10.88599967956543
2021-11-12,23.737682342529297,-0.1094468279923877,35.33668107921571,0.75,10.895999908447266
2021-11-15,23.885066986083984,0.6208889369566872,35.33668107921571,2.32,10.880000114440918
2021-11-16,23.989103317260746,0.4355706066781151,35.33668107921571,0.76,10.87600040435791
2021-11-17,23.781030654907227,-0.8673632340555293,35.33668107921571,1.34,10.862000465393066
2021-11-18,23.65965461730957,-0.5103901481772422,35.33668107921571,1.91,10.913999557495115
2021-11-19,22.740665435791016,-3.8842037061953327,35.33668107921571,2.27,10.95400047302246
2021-11-22,23.113466262817383,1.639357599622504,35.33668107921571,3.28,10.913999557495115
2021-11-23,23.807043075561523,3.0007477236761115,35.33668107921571,3.69,10.847999572753906
2021-11-24,23.97176742553711,0.6919143610265355,35.33668107921571,2.13,10.83199977874756
2021-11-26,22.50658416748047,-6.112120279023658,35.33668107921571,1.5,10.899999618530272
2021-11-29,22.697315216064453,0.8474455615506971,35.33668107921571,3.1,10.906000137329102
2021-11-30,22.50658416748047,-0.8403242708150405,35.33668107921571,4.8,10.937999725341797
2021-12-01,22.315847396850582,-0.8474709854260132,35.33668107921571,1.9,10.920000076293944
2021-12-02,23.46025276184082,5.128218277526586,35.33668107921571,1.01,10.94200038909912
2021-12-03,23.3302059173584,-0.5543284030338658,35.33668107921571,3.4,10.96399974822998
2021-12-06,23.694339752197266,1.560782772894176,35.33668107921571,1.05,10.98799991607666
2021-12-07,23.876399993896484,0.7683701829350742,35.33668107921571,0.96,10.982000350952148
2021-12-08,23.841720581054688,-0.1452455682207643,35.33668107921571,0.85,10.916000366210938
2021-12-09,23.54694938659668,-1.236367121474624,35.33668107921571,0.92,10.937999725341797
2021-12-10,23.763690948486328,0.9204655700029818,35.33668107921571,1.2,10.96399974822998
2021-12-13,23.05277442932129,-2.9916081668715733,35.33668107921571,1.01,10.994000434875488
2021-12-14,23.01809501647949,-0.1504348769304164,35.33668107921571,1.31,10.947999954223633
2021-12-15,23.078781127929688,0.2636452382647203,35.33668107921571,1.9,10.946000099182127
2021-12-16,23.174148559570312,0.4132255993589462,35.33668107921571,0.55,10.916000366210938
2021-12-17,22.801353454589844,-1.6086679690612171,35.33668107921571,1.61,10.946000099182127
2021-12-20,22.23782157897949,-2.4714843210191684,35.33668107921571,1.01,10.916000366210938
2021-12-21,22.91405868530273,3.0409323319801285,35.33668107921571,3.17,10.86400032043457
2021-12-22,23.20883178710937,1.2864290253202126,35.33668107921571,0.96,10.845999717712402
2021-12-23,23.382225036621094,0.7471002896751733,35.33668107921571,1.34,10.80799961090088
2021-12-27,23.52961158752441,0.630335866977938,35.33668107921571,2.6,10.79599952697754
2021-12-28,23.46892547607422,-0.2579137833383149,35.33668107921571,0.68,10.793999671936035
2021-12-29,23.399564743041992,-0.2955428577372965,35.33668107921571,2.21,10.746000289916992
2021-12-30,23.13947868347168,-1.1114995617499734,35.33668107921571,1.11,10.744000434875488
2022-01-03,23.7290153503418,2.7788233047014943,35.33668107921571,3.97,10.71399974822998
2022-01-04,24.752037048339844,4.311269064029277,35.33668107921571,1.92,10.711999893188477
2022-01-05,24.595983505249023,-0.6304674754084028,35.33668107921571,2.59,10.710000038146973
2022-01-06,24.97745132446289,1.5509354164774836,35.33668107921571,1.34,10.684000015258787
2022-01-07,25.723051071166992,2.9850913810964386,35.33668107921571,1.99,10.65999984741211
2022-01-10,25.62768173217773,-0.3707543818398662,35.33668107921571,0.65,10.673999786376951
2022-01-11,26.47731590270996,3.315298587719861,35.33668107921571,2.19,10.656000137329102
2022-01-12,27.040847778320312,2.1283572612912582,35.33668107921571,1.13,10.682000160217283
2022-01-13,27.06685256958008,0.0961685501614129,35.33668107921571,1.67,10.70199966430664
2022-01-14,27.777774810791016,2.626541964505802,35.33668107921571,1.47,10.685999870300291
2022-01-18,28.07254409790039,1.061169546938889,35.33668107921571,0.77,10.656000137329102
2022-01-19,27.829790115356445,-0.8647380931965487,35.33668107921571,1.0,10.654000282287598
2022-01-20,27.188232421875,-2.305291167565915,35.33668107921571,2.64,10.673999786376951
2022-01-21,26.624698638916016,-2.072712099171181,35.33668107921571,1.25,10.697999954223633
2022-01-24,25.991809844970703,-2.377074018859504,35.33668107921571,0.66,10.734000205993652
2022-01-25,27.2229061126709,4.73647766370684,35.33668107921571,0.79,10.682000160217283
2022-01-26,27.309608459472656,0.318490415545325,35.33668107921571,0.91,10.675999641418455
2022-01-27,27.33561515808105,0.0952291155949414,35.33668107921571,1.05,10.68000030517578
2022-01-28,26.93680953979492,-1.4589231520119483,35.33668107921571,2.6,10.66800022125244
2022-01-31,26.8067626953125,-0.4827848832293924,35.33668107921571,1.28,10.633999824523926
2022-02-01,27.53501892089844,2.7166884485954057,35.33668107921571,0.99,10.607999801635742
2022-02-02,27.70841407775879,0.6297259404777433,35.33668107921571,1.43,10.607999801635742
2022-02-03,27.87313842773437,0.5944921622483168,35.33668107921571,0.63,10.527999877929688
2022-02-04,28.50602912902832,2.270611552892832,35.33668107921571,1.94,10.473999977111816
2022-02-07,28.90483665466309,1.399028689087567,35.33668107921571,3.25,10.447999954223633
2022-02-08,28.44533920288086,-1.5896905326676425,35.33668107921571,0.57,10.406000137329102
2022-02-09,28.60139846801757,0.548628596142442,35.33668107921571,1.36,10.444000244140623
2022-02-10,28.662080764770508,0.2121654884140955,35.33668107921571,0.66,10.37399959564209
2022-02-11,28.809465408325195,0.5142147381562046,35.33668107921571,1.44,10.371999740600586
2022-02-14,28.133230209350582,-2.3472674323876674,35.33668107921571,0.86,10.350000381469728
2022-02-15,27.88180923461914,-0.8936797262899532,35.33668107921571,0.47,10.326000213623049
2022-02-16,28.159238815307617,0.9950200087589957,35.33668107921571,1.07,10.357999801635742
2022-02-17,28.280101776123047,0.4292124570843381,35.33668107921571,1.13,10.390000343322754
2022-02-18,27.824678421020508,-1.6104021078419684,35.33668107921571,1.24,10.399999618530272
2022-02-22,27.20284843444824,-2.234814638872862,35.33668107921571,1.13,10.36400032043457
2022-02-23,27.2641544342041,0.2253661042283417,35.33668107921571,1.36,10.359999656677246
2022-02-24,25.54755401611328,-6.296180658136485,35.33668107921571,0.77,10.420000076293944
2022-02-25,26.9138298034668,5.347971028818588,35.33668107921571,0.71,10.37600040435791
2022-02-28,25.58258819580078,-4.946310567418899,35.33668107921571,3.45,10.434000015258787
2022-03-01,24.95200157165528,-2.464905502598891,35.33668107921571,2.09,10.64799976348877
2022-03-02,26.37082290649414,5.686202490667536,35.33668107921571,2.03,10.579999923706056
2022-03-03,25.170957565307617,-4.549973072289082,35.33668107921571,2.29,10.489999771118164
2022-03-04,24.531612396240234,-2.54001131029108,35.33668107921571,1.61,10.562000274658203
2022-03-07,24.96076202392578,1.7493739129488262,35.33668107921571,0.74,10.515999794006348
2022-03-08,26.055530548095703,4.385957941190055,35.33668107921571,1.67,10.458000183105469
2022-03-09,25.424943923950195,-2.4201642065261875,35.33668107921571,2.97,10.390000343322754
2022-03-10,25.424943923950195,0.0,35.33668107921571,1.47,10.293999671936035
2022-03-11,24.759323120117188,-2.6179833702838384,35.33668107921571,5.93,10.30799961090088
2022-03-14,24.400236129760746,-1.450310206843597,35.33668107921571,1.13,10.253999710083008
2022-03-15,24.56664085388184,0.6819799744402166,35.33668107921571,1.13,10.229999542236328
2022-03-16,25.057100296020508,1.996444874396297,35.33668107921571,1.03,10.26200008392334
2022-03-17,25.43370056152344,1.5029682646987783,35.33668107921571,1.74,10.236000061035156
2022-03-18,25.170957565307617,-1.0330505998537354,35.33668107921571,1.41,10.263999938964844
2022-03-21,26.09931945800781,3.688226362829083,35.33668107921571,2.36,10.19200038909912
2022-03-22,25.985464096069336,-0.436238815045209,35.33668107921571,0.57,10.156000137329102
2022-03-23,26.940105438232425,3.6737513658934073,35.33668107921571,0.94,10.166000366210938
2022-03-24,26.922582626342773,-0.065043590604441,35.33668107921571,2.83,10.182000160217283
2022-03-25,27.19408798217773,1.0084669795731305,35.33668107921571,1.79,10.142000198364258
2022-03-28,26.21317672729492,-3.60707538905396,35.33668107921571,0.67,10.130000114440918
2022-03-29,25.93291473388672,-1.069164551568358,35.33668107921571,2.04,10.116000175476074
2022-03-30,26.33579063415528,1.5535311182823364,35.33668107921571,2.21,10.11400032043457
2022-03-31,25.748992919921875,-2.228137831079091,35.33668107921571,1.57,10.14799976348877
2022-04-01,26.134349822998047,1.496590193933467,35.33668107921571,2.91,10.07800006866455
2022-04-04,26.090560913085938,-0.1675530870623554,35.33668107921571,3.8,10.112000465393066
2022-04-05,26.01173973083496,-0.3021061237953093,35.33668107921571,2.95,9.98900032043457
2022-04-06,25.9153995513916,-0.3703719183732801,35.33668107921571,3.17,10.001999855041504
2022-04-07,26.15187263488769,0.9124809479674534,35.33668107921571,1.19,9.982999801635742
2022-04-08,26.686113357543945,2.04283926476283,35.33668107921571,2.17,9.963000297546388
2022-04-11,26.248210906982425,-1.6409375344189292,35.33668107921571,1.85,9.90999984741211
2022-04-12,26.747425079345703,1.9018979012793704,35.33668107921571,1.26,9.9399995803833
2022-04-13,27.33421897888184,2.1938332299106245,35.33668107921571,3.24,9.946999549865724
2022-04-14,27.40428733825684,0.256339350427881,35.33668107921571,1.66,9.897000312805176
2022-04-19,27.50938034057617,0.5119805939939326,35.33668107921571,4.47,9.845999717712402
2022-04-20,27.50062561035156,-0.031824527183899,35.33668107921571,2.12,9.890000343322754
2022-04-21,26.983890533447266,-1.878993897178072,35.33668107921571,1.58,9.836000442504885
2022-04-22,26.16938591003418,-3.018484760021856,35.33668107921571,2.32,9.8100004196167
2022-04-25,25.16219520568848,-3.848736488537596,35.33668107921571,1.89,9.878000259399414
2022-04-26,24.82938575744629,-1.3226566502709147,35.33668107921571,2.72,9.894000053405762
2022-04-27,25.04834175109864,0.8818421679508415,35.33668107921571,1.17,9.883000373840332
2022-04-28,25.7052001953125,2.622362992093308,35.33668107921571,1.54,9.819000244140623
2022-04-29,25.153438568115234,-2.146498074338598,35.33668107921571,1.51,9.777000427246094
2022-05-02,25.276052474975582,0.4874637975571971,35.33668107921571,0.88,9.758999824523926
2022-05-03,27.307945251464844,8.038805816299522,35.33668107921571,3.21,9.79800033569336
2022-05-04,27.894744873046875,2.1488237806927435,35.33668107921571,0.99,9.758999824523926
2022-05-05,27.342979431152344,-1.978026486371165,35.33668107921571,3.89,9.722000122070312
2022-05-06,27.90350151062012,2.049967088916293,35.33668107921571,2.56,9.649999618530272
2022-05-09,25.99422073364257,-6.842441534625554,35.33668107921571,2.7,9.640000343322754
2022-05-10,26.178142547607425,0.7075488657630968,35.33668107921571,1.85,9.70699977874756
2022-05-11,26.467161178588867,1.1040456000873222,35.33668107921571,1.57,9.746000289916992
2022-05-12,26.217472076416016,-0.9433920792942584,35.33668107921571,3.17,9.833000183105469
2022-05-13,26.99664688110352,2.971967710755785,35.33668107921571,0.65,9.784000396728516
2022-05-16,27.46592330932617,1.7382767211402417,35.33668107921571,3.16,9.803000450134276
2022-05-17,27.87321853637696,1.4829111057500288,35.33668107921571,1.27,9.727999687194824
2022-05-18,27.54561424255371,-1.175337155254208,35.33668107921571,2.43,9.73799991607666
2022-05-19,27.474777221679688,-0.2571626112609637,35.33668107921571,1.17,9.755000114440918
2022-05-20,27.69613265991211,0.8056678183281374,35.33668107921571,0.77,9.73799991607666
2022-05-23,28.431039810180664,2.653464869238853,35.33668107921571,1.99,9.67099952697754
2022-05-24,28.40447807312012,-0.0934251340713787,35.33668107921571,2.41,9.718000411987305
2022-05-25,28.661252975463867,0.9039944394779952,35.33668107921571,1.31,9.734999656677246
2022-05-27,28.82948112487793,-0.3367067527820122,35.33668107921571,1.87,9.737000465393066
2022-05-31,28.661252975463867,-0.5835281900682276,35.33668107921571,2.03,9.57699966430664
2022-06-01,28.94458198547364,0.988543697835942,35.33668107921571,2.22,9.541000366210938
2022-06-02,29.0596923828125,0.3976923812430089,35.33668107921571,1.46,9.480999946594238
2022-06-03,29.201356887817383,0.4874948541735868,35.33668107921571,2.87,9.442999839782717
2022-06-07,30.27272605895996,3.2930577259842497,35.33668107921571,2.58,9.451000213623049
2022-06-08,30.210742950439453,-0.2047490153340936,35.33668107921571,1.07,9.413999557495115
2022-06-09,29.67949104309082,-1.758486735066889,35.33668107921571,2.41,9.324000358581545
2022-06-10,28.740936279296875,-3.1623007363276057,35.33668107921571,1.88,9.288000106811523
2022-06-13,27.64301109313965,-3.820074528845818,35.33668107921571,1.31,9.187999725341797
2022-06-14,27.324256896972656,-1.1531095331582697,35.33668107921571,2.48,9.107000350952148
2022-06-15,27.46592330932617,0.5184639161009086,35.33668107921571,2.05,9.19200038909912
2022-06-16,26.19091033935547,-4.642163147443757,35.33668107921571,0.89,9.192999839782717
2022-06-17,24.579435348510746,-6.152802517991374,35.33668107921571,4.38,9.241000175476074
2022-06-21,25.78361701965332,4.899142938267453,35.33668107921571,2.29,9.16800022125244
2022-06-22,24.87162208557129,-3.537110147838729,35.33668107921571,3.79,9.265000343322754
2022-06-23,24.225265502929688,-2.5987713242739074,35.33668107921571,2.58,9.345000267028809
2022-06-24,24.995582580566406,3.1798086074373844,35.33668107921571,3.23,9.33199977874756
2022-06-27,25.4117374420166,1.66491363067387,35.33668107921571,24.26,9.27299976348877
2022-06-28,25.73934364318848,1.2891924525798126,35.33668107921571,0.56,9.22599983215332
2022-06-29,25.473716735839844,-1.0319878821732351,35.33668107921571,5.21,9.32800006866455
2022-06-30,25.10183525085449,-1.4598634696370794,35.33668107921571,7.07,9.425999641418455
2022-07-01,25.03985595703125,-0.2469114039027609,35.33668107921571,0.96,9.538999557495115
2022-07-05,24.039321899414062,-3.995766027305103,35.33668107921571,20.86,9.515999794006348
2022-07-06,23.658588409423828,-1.5837946327409314,35.33668107921571,0.11,9.5
2022-07-07,24.597145080566406,3.967086518013585,35.33668107921571,1.14,9.444000244140623
2022-07-08,24.650266647338867,0.2159663920282772,35.33668107921571,0.9,9.437000274658203
2022-07-11,24.313804626464844,-1.3649427232883315,35.33668107921571,13.35,9.440999984741213
2022-07-12,23.80025863647461,-2.1121580841825804,35.33668107921571,0.64,9.430999755859377
2022-07-13,23.91536521911621,0.4836358478272906,35.33668107921571,1.11,9.45300006866455
2022-07-14,23.038789749145508,-3.665323368216988,35.33668107921571,2.86,9.491000175476074
2022-07-15,23.605466842651367,2.459665198024896,35.33668107921571,0.07,9.501999855041504
2022-07-18,24.19870376586914,2.513133619310115,35.33668107921571,0.32,9.458999633789062
2022-07-19,24.84505844116211,2.671030157427756,35.33668107921571,0.07,9.4350004196167
2022-07-20,24.91589736938477,0.2851228077825452,35.33668107921571,3.93,9.447999954223633
2022-07-21,24.597145080566406,-1.2793128984791236,35.33668107921571,2.13,9.472999572753906
2022-07-22,24.393495559692383,-0.827939666196964,35.33668107921571,3.48,9.597999572753906
2022-07-25,24.89818954467773,2.0689695076719694,35.33668107921571,3.35,9.597000122070312
2022-07-26,24.85391616821289,-0.177817653710921,35.33668107921571,0.83,9.654999732971191
2022-07-27,25.464859008789062,2.4581351141657937,35.33668107921571,0.6,9.640999794006348
2022-07-28,25.208086013793945,-1.0083424962474496,35.33668107921571,3.54,9.75
2022-07-29,26.013822555541992,3.196341607637909,35.33668107921571,3.11,9.779000282287598
2022-08-02,25.996118545532227,1.067127802398793,35.33668107921571,1.61,9.857999801635742
2022-08-03,26.288307189941406,1.123970272321273,35.33668107921571,1.22,9.78600025177002
2022-08-04,25.987260818481445,-1.145172145489648,35.33668107921571,0.14,9.847000122070312
2022-08-05,26.26174545288086,1.0562276506041357,35.33668107921571,0.2,9.779999732971191
2022-08-08,26.704458236694336,1.685770599702896,35.33668107921571,14.94,9.78600025177002
2022-08-09,27.06748580932617,1.3594268395716869,35.33668107921571,1.23,9.782999992370604
2022-08-10,27.27113342285156,0.7523698911674481,35.33668107921571,0.66,9.805999755859377
2022-08-11,28.149110794067383,3.219438508852468,35.33668107921571,1.27,9.753999710083008
2022-08-12,28.373085021972656,0.7956707035750465,35.33668107921571,1.51,9.744999885559082
2022-08-15,27.73699760437012,-2.241869071022562,35.33668107921571,1.75,9.793999671936035
2022-08-16,27.71012115478516,-0.0968974723519644,35.33668107921571,1.07,9.66100025177002
2022-08-17,28.032644271850582,1.16391810509906,35.33668107921571,2.38,9.593000411987305
2022-08-18,28.59705924987793,2.0134203985676447,35.33668107921571,1.21,9.58199977874756
2022-08-19,28.22973823547364,-1.2844712849481743,35.33668107921571,1.6,9.482999801635742
2022-08-22,28.408920288085938,0.6347279989551646,35.33668107921571,0.92,9.434000015258787
2022-08-23,29.161476135253903,2.649012491627767,35.33668107921571,1.8,9.420000076293944
2022-08-24,28.92854118347168,-0.7987762714817714,35.33668107921571,3.1,9.38700008392334
2022-08-25,29.268983840942383,1.1768400463457065,35.33668107921571,1.82,9.416999816894531
2022-08-26,28.9643783569336,-1.0407108277626589,35.33668107921571,1.36,9.366999626159668
2022-08-29,29.089799880981445,0.4330199063907303,35.33668107921571,1.22,9.29800033569336
2022-08-30,28.149110794067383,-3.233742035912301,35.33668107921571,0.88,9.28499984741211
2022-08-31,27.62948989868164,-1.845958471609188,35.33668107921571,1.11,9.23900032043457
2022-09-01,27.4055118560791,-0.8106484897979493,35.33668107921571,2.32,9.236000061035156
2022-09-02,27.889299392700195,1.7652928329225048,35.33668107921571,1.82,9.274999618530272
2022-09-06,27.889299392700195,0.0,35.33668107921571,4.46,9.234999656677246
2022-09-07,27.47718811035156,-1.4776681068456643,35.33668107921571,0.63,9.27299976348877
2022-09-08,27.504064559936523,0.0978136826702336,35.33668107921571,2.29,9.19200038909912
2022-09-09,28.391002655029297,3.22475281120711,35.33668107921571,0.84,9.19200038909912
2022-09-12,28.78519630432129,1.38844567795553,35.33668107921571,4.58,9.215999603271484
2022-09-13,28.46267318725586,-1.1204478637410251,35.33668107921571,2.27,9.14799976348877
2022-09-14,28.74040412902832,0.975772514216322,35.33668107921571,0.93,9.23900032043457
2022-09-15,28.220779418945312,-1.8079937489750784,35.33668107921571,4.42,9.163999557495115
2022-09-16,27.78179168701172,-1.555547865693918,35.33668107921571,20.7,9.16800022125244
2022-09-19,27.68324279785156,-0.3547247429913969,35.33668107921571,1.88,9.140999794006348
2022-09-20,27.7728328704834,0.3236256434480555,35.33668107921571,1.76,9.052000045776367
2022-09-21,27.342803955078125,-1.548379732851457,35.33668107921571,2.95,9.086999893188477
2022-09-22,27.584693908691406,0.8846567236143299,35.33668107921571,0.51,9.0
2022-09-23,25.156810760498047,-8.801559140840709,35.33668107921571,4.02,8.996000289916992
2022-09-26,24.42217445373535,-2.92022829823978,35.33668107921571,0.93,8.913999557495117
2022-09-27,24.681983947753903,1.0638262146179134,35.33668107921571,3.58,8.812999725341797
2022-09-28,25.58683967590332,3.666057518167043,35.33668107921571,1.4,8.895000457763672
2022-09-29,25.757062911987305,0.6652765180855669,35.33668107921571,3.41,8.840999603271484
2022-09-30,25.57788276672364,-0.6956544147752264,35.33668107921571,2.01,8.89900016784668
2022-10-03,26.966524124145508,5.429070772145672,35.33668107921571,0.73,9.038000106811523
2022-10-04,28.02368354797364,3.920265804229306,35.33668107921571,1.08,9.093999862670898
2022-10-05,28.11327171325684,0.3196873285049584,35.33668107921571,0.75,9.02400016784668
2022-10-06,27.89825820922852,-0.7648113895151187,35.33668107921571,1.79,8.916999816894531
2022-10-07,27.84449958801269,-0.1926952600862952,35.33668107921571,0.36,8.831999778747559
2022-10-10,27.19049835205078,-2.348762756158373,35.33668107921571,0.81,8.809000015258789
2022-10-11,26.70671272277832,-1.7792451723709355,35.33668107921571,0.12,8.779999732971191
2022-10-12,26.832141876220703,0.4696540332176591,35.33668107921571,65.42,8.73900032043457
2022-10-13,27.90721702575684,4.006669145145247,35.33668107921571,2.34,8.774999618530273
2022-10-14,27.172576904296875,-2.6324377697064083,35.33668107921571,2.62,8.729000091552734
2022-10-17,27.30696487426757,0.494572047561137,35.33668107921571,0.81,8.769000053405762
2022-10-18,27.30696487426757,0.0,35.33668107921571,0.55,8.760000228881836
2022-10-19,27.68324279785156,1.3779558633356892,35.33668107921571,3.81,8.720000267028809
2022-10-20,27.73699760437012,0.1941781420301103,35.33668107921571,3.89,8.720000267028809
2022-10-21,28.095355987548828,1.291986927677602,35.33668107921571,1.56,8.696999549865723
2022-10-24,28.48954963684082,1.4030562540894298,35.33668107921571,0.34,8.765999794006348
2022-10-25,28.74040412902832,0.880514067035687,35.33668107921571,1.6,8.885000228881836
2022-10-26,28.946456909179688,0.7169446164580817,35.33668107921571,1.13,8.934000015258789
2022-10-27,29.770681381225582,2.847410564380737,35.33668107921571,0.7,9.0
2022-10-28,29.699010848999023,-0.2407419948129208,35.33668107921571,0.22,8.958000183105469
2022-10-31,29.815475463867188,0.3921498108482968,35.33668107921571,15.51,8.901000022888184
2022-11-01,29.74380874633789,-0.2403675152393591,35.33668107921571,0.24,8.906000137329102
2022-11-02,29.34961128234864,-1.325309301680444,35.33668107921571,2.98,8.928000450134277
2022-11-03,29.600461959838867,0.8546984662829216,35.33668107921571,3.75,8.862000465393066
2022-11-04,30.388851165771484,2.6634354794944803,35.33668107921571,2.55,8.95199966430664
2022-11-07,30.75617218017578,1.2087360999616603,35.33668107921571,1.02,8.807999610900879
2022-11-08,30.2186336517334,-1.7477419663714189,35.33668107921571,1.44,8.864999771118164
2022-11-09,29.2768497467041,-3.1165668040562644,35.33668107921571,0.95,8.920000076293945
2022-11-10,29.838298797607425,1.917723579417996,35.33668107921571,0.82,9.027000427246094
2022-11-11,30.64425277709961,2.7010721521322445,35.33668107921571,3.75,8.932999610900879
2022-11-14,30.381637573242188,-0.856980281972064,35.33668107921571,2.0,8.946000099182129
2022-11-15,30.707637786865234,1.0730172553640172,35.33668107921571,0.43,9.019000053405762
2022-11-16,30.76197052001953,0.1769355674031691,35.33668107921571,1.25,9.093000411987305
2022-11-17,31.10608291625977,1.1186292374095077,35.33668107921571,0.55,9.085000038146973
2022-11-18,30.82536506652832,-0.9024532291229348,35.33668107921571,0.49,9.107000350952148
2022-11-21,30.001298904418945,-2.6733378836904187,35.33668107921571,1.17,9.128000259399414
2022-11-22,31.5950870513916,5.312397146704551,35.33668107921571,0.24,9.130000114440918
2022-11-23,31.676589965820312,0.2579607212227053,35.33668107921571,1.4,9.18299961090088
2022-11-25,31.939207077026367,0.8290573937706824,35.33668107921571,1.67,9.138999938964844
2022-11-28,31.450199127197266,-1.531058515791528,35.33668107921571,1.09,9.126999855041504
2022-11-29,31.975425720214844,1.6700262878888372,35.33668107921571,3.15,9.20199966430664
2022-11-30,32.509708404541016,1.670916562616398,35.33668107921571,1.0,9.184000015258787
2022-12-01,32.346710205078125,-0.5013831481802011,35.33668107921571,1.04,9.25
2022-12-02,32.02070617675781,-1.00784291896594,35.33668107921571,1.62,9.253999710083008
2022-12-05,31.6946964263916,-1.018121675913708,35.33668107921571,2.56,9.251999855041504
2022-12-06,31.12419319152832,-1.7999958958061946,35.33668107921571,0.8,9.277000427246094
2022-12-07,30.707637786865234,-1.3383653099045434,35.33668107921571,1.12,9.319000244140623
2022-12-08,30.725749969482425,0.0589826633455192,35.33668107921571,1.81,9.244999885559082
2022-12-09,30.526525497436523,-0.648395799105872,35.33668107921571,2.02,9.230999946594238
2022-12-12,30.87969017028809,1.156910808212408,35.33668107921571,2.01,9.211000442504885
2022-12-13,31.703754425048828,2.6686286365452005,35.33668107921571,2.3,9.206000328063965
2022-12-14,31.51358985900879,-0.5998171809260322,35.33668107921571,1.05,9.19200038909912
2022-12-15,31.042695999145508,-1.4942564841709638,35.33668107921571,1.71,9.08899974822998
2022-12-16,30.49935913085937,-1.7502889191747029,35.33668107921571,13.8,8.970000267028809
2022-12-19,30.74386215209961,0.8016660946585041,35.33668107921571,25.52,9.003999710083008
2022-12-20,30.861581802368164,0.3829045605466152,35.33668107921571,0.34,8.9399995803833
2022-12-21,31.72186851501465,2.787565194018904,35.33668107921571,0.4,8.956999778747559
2022-12-22,31.1604232788086,-1.7698996386051769,35.33668107921571,35.79,8.920000076293945
2022-12-23,31.703754425048828,1.7436577846801526,35.33668107921571,4.21,8.880000114440918
2022-12-27,31.730926513671875,0.0857062171841116,35.33668107921571,2.64,8.786999702453613
2022-12-28,31.314367294311523,-1.3127861841061297,35.33668107921571,81.8,8.807999610900879
2022-12-29,31.423030853271484,0.3470086364468994,35.33668107921571,1.0,8.803999900817871
2022-12-30,31.631311416625977,0.6628277339860933,35.33668107921571,17.32,8.767999649047852
2023-01-03,31.078916549682617,-1.7463546157400534,35.33668107921571,0.43,8.850000381469727
2023-01-04,30.58991241455078,-1.573427227909041,35.33668107921571,3.05,9.008000373840332
2023-01-05,30.698585510253903,0.3552579498443897,35.33668107921571,0.77,8.920000076293945
2023-01-06,31.20569229125977,1.6518897290445975,35.33668107921571,0.8,9.04300022125244
2023-01-09,31.486421585083008,0.8996092482199902,35.33668107921571,1.33,9.027999877929688
2023-01-10,31.55886650085449,0.2300830393689557,35.33668107921571,1.85,8.991000175476074
2023-01-11,31.730926513671875,0.545203398901295,35.33668107921571,1.6,9.048999786376951
2023-01-12,31.975425720214844,0.7705391345494528,35.33668107921571,1.71,9.07900047302246
2023-01-13,32.20182037353516,0.7080270183148274,35.33668107921571,0.04,9.07800006866455
2023-01-17,32.31953811645508,0.3655623860838286,35.33668107921571,1.9,9.074000358581545
2023-01-18,32.00259017944336,-0.980669760408326,35.33668107921571,3.21,9.163999557495115
2023-01-19,32.18370819091797,0.5659479762702091,35.33668107921571,4.04,9.149999618530272
2023-01-20,32.147483825683594,-0.1125549766344158,35.33668107921571,1.66,9.083999633789062
2023-01-23,32.21992492675781,0.2253398787507743,35.33668107921571,3.07,9.057000160217283
2023-01-24,31.95731544494629,-0.8150530530672717,35.33668107921571,0.68,9.119999885559082
2023-01-25,31.912033081054688,-0.1416963948977834,35.33668107921571,26.04,9.149999618530272
2023-01-26,32.82665252685547,2.8660644825658776,35.33668107921571,1.92,9.050999641418455
2023-01-27,32.89004898071289,0.1931249426226466,35.33668107921571,2.93,9.017000198364258
2023-01-30,32.754207611083984,-0.4130166230781995,35.33668107921571,0.21,8.982000350952148
2023-01-31,32.80854034423828,0.1658801635485485,35.33668107921571,0.23,8.937999725341797
2023-02-01,32.99871063232422,0.5796365400307479,35.33668107921571,0.84,8.986000061035156
2023-02-02,31.875810623168945,-3.402860256168083,35.33668107921571,1.81,9.149999618530272
2023-02-03,31.830535888671875,-0.1420347706049041,35.33668107921571,0.91,9.083000183105469
2023-02-06,31.5498104095459,-0.8819376466290718,35.33668107921571,0.99,9.017000198364258
2023-02-07,34.18499755859375,8.352465878053362,35.33668107921571,1.53,9.020000457763672
2023-02-08,35.000003814697266,2.3841050586783874,35.33668107921571,5.54,8.972999572753906
2023-02-09,35.81501007080078,2.328589049356844,35.33668107921571,1.13,9.012999534606934
2023-02-10,36.81113815307617,2.781314539089053,35.33668107921571,2.13,8.970000267028809
2023-02-13,36.77490997314453,-0.0984163537160687,35.33668107921571,24.23,8.95300006866455
2023-02-14,37.14619827270508,1.0096239523949446,35.33668107921571,0.17,8.947999954223633
2023-02-15,37.019412994384766,-0.341314277680671,35.33668107921571,0.79,8.895999908447266
2023-02-16,37.44645309448242,1.1535571894736083,35.33668107921571,14.82,8.907999992370605
2023-02-17,36.59602355957031,-2.271054972192854,35.33668107921571,0.46,8.946999549865723
2023-02-21,36.36741256713867,-0.6246880677063471,35.33668107921571,0.29,8.869999885559082
2023-02-22,35.59927749633789,-2.1121521070070925,35.33668107921571,0.22,8.888999938964844
2023-02-23,36.28511047363281,1.926536226375597,35.33668107921571,14.9,8.939000129699707
2023-02-24,36.30339813232422,0.0503998980647901,35.33668107921571,9.08,8.890999794006348
2023-02-27,36.77891159057617,1.309831813866924,35.33668107921571,29.92,8.869999885559082
2023-02-28,36.21195602416992,-1.541523503244513,35.33668107921571,0.77,8.838000297546387
2023-03-01,36.51372146606445,0.8333309631026742,35.33668107921571,1.71,8.803000450134277
2023-03-02,36.81549072265625,0.8264543970744276,35.33668107921571,2.94,8.821999549865723
2023-03-03,36.77891159057617,-0.0993579913293629,35.33668107921571,1.13,8.829000473022461
2023-03-06,36.9617919921875,0.4972425602126407,35.33668107921571,1.23,8.85099983215332
2023-03-07,36.39484786987305,-1.533865355971609,35.33668107921571,1.25,8.869000434875488
2023-03-08,36.266822814941406,-0.3517669736919471,35.33668107921571,0.12,8.906999588012695
2023-03-09,35.974205017089844,-0.8068470716188769,35.33668107921571,0.99,8.89900016784668
2023-03-10,35.67243194580078,-0.8388595971633106,35.33668107921571,0.98,8.973999977111816
2023-03-13,34.757991790771484,-2.563436539506636,35.33668107921571,0.92,9.130999565124512
2023-03-14,34.97745513916016,0.6314039939641747,35.33668107921571,1.84,9.020000457763672
2023-03-15,32.78279113769531,-6.274510231614128,35.33668107921571,1.19,9.21500015258789
2023-03-16,32.57246780395508,-0.6415662804818201,35.33668107921571,0.29,9.163999557495115
2023-03-17,32.160972595214844,-1.2633221750863788,35.33668107921571,5.84,9.21500015258789
2023-03-20,32.7370719909668,1.7912996693317362,35.33668107921571,4.44,9.229999542236328
2023-03-21,33.852691650390625,3.407817472899421,35.33668107921571,3.08,9.145999908447266
2023-03-22,33.669803619384766,-0.5402466453616528,35.33668107921571,1.81,9.140000343322754
2023-03-23,33.358890533447266,-0.923418174492996,35.33668107921571,2.33,9.210000038146973
2023-03-24,32.81022644042969,-1.6447312372917855,35.33668107921571,1.31,9.197999954223633
2023-03-27,33.72467041015625,2.78706997462157,35.33668107921571,0.04,9.14900016784668
2023-03-28,34.22761535644531,1.4913264982942651,35.33668107921571,1.49,9.138999938964844
2023-03-29,34.465370178222656,0.6946286479539099,35.33668107921571,0.21,9.125
2023-03-30,34.730560302734375,0.7694393622943885,35.33668107921571,0.86,9.100000381469728
2023-03-31,34.6939811706543,-0.1053226085649949,35.33668107921571,3.63,9.130000114440918
2023-04-03,36.33998107910156,4.744338507451329,35.33668107921571,0.94,9.199000358581545
2023-04-04,35.965057373046875,-1.0317113408468417,35.33668107921571,2.16,9.130999565124512
2023-04-05,36.477142333984375,1.423840244785124,35.33668107921571,0.56,9.16800022125244
2023-04-06,36.12965774536133,-0.9526091310593344,35.33668107921571,0.13,9.159000396728516
2023-04-11,36.4497184753418,0.4030486140284894,35.33668107921571,1.26,9.081000328063965
2023-04-12,36.7606201171875,0.8529603378309325,35.33668107921571,3.22,9.027000427246094
2023-04-13,36.99837875366211,0.6467753691767664,35.33668107921571,1.51,8.996999740600586
2023-04-14,37.10811233520508,0.2965902432471079,35.33668107921571,0.07,8.946999549865723
2023-04-17,36.970951080322266,-0.3696260635512982,35.33668107921571,3.61,8.880000114440918
2023-04-18,37.1721305847168,0.5441556100557188,35.33668107921571,1.71,8.880000114440918
2023-04-19,36.63260269165039,-1.4514311786266831,35.33668107921571,1.06,8.854999542236328
2023-04-20,36.4497184753418,-0.4992389370965355,35.33668107921571,7.19,8.947999954223633
2023-04-21,36.24853515625,-0.5519475252679817,35.33668107921571,6.78,8.850000381469727
2023-04-24,36.6691780090332,1.1604409694626616,35.33668107921571,0.46,8.842000007629395
2023-04-25,36.18452072143555,-1.3217020776365995,35.33668107921571,0.41,8.909000396728516
2023-04-26,36.04735565185547,-0.3790711244624045,35.33668107921571,2.29,8.913999557495117
2023-04-27,35.974205017089844,-0.2029292674672556,35.33668107921571,3.92,8.871000289916992
2023-04-28,36.83377456665039,2.389405267335865,35.33668107921571,1.66,8.890000343322754
2023-05-02,33.63322448730469,-8.072990276019333,35.33668107921571,0.47,8.913999557495117
2023-05-03,33.34060287475586,-0.8700373425666652,35.33668107921571,2.82,8.937999725341797
2023-05-04,33.02054977416992,-0.95994994988009,35.33668107921571,0.13,8.942999839782715
2023-05-05,33.95328140258789,2.824700481357789,35.33668107921571,2.74,8.906999588012695
2023-05-08,33.86183166503906,-0.2693399099324089,35.33668107921571,3.35,8.887999534606934
2023-05-09,33.82526397705078,-0.1079908740614143,35.33668107921571,0.86,8.868000030517578
2023-05-10,33.60579299926758,-0.6488374427236043,35.33668107921571,7.89,8.892000198364258
2023-05-11,33.251739501953125,-1.053549003655918,35.33668107921571,1.65,8.916999816894531
2023-05-12,33.10382843017578,-0.4448220574104322,35.33668107921571,1.89,8.918999671936035
2023-05-15,33.45511245727539,1.0611583123702806,35.33668107921571,3.7,8.89900016784668
2023-05-16,32.8542366027832,-1.7960658636540172,35.33668107921571,0.89,8.871000289916992
2023-05-17,33.27946853637695,1.294298628012336,35.33668107921571,1.34,8.878000259399414
2023-05-19,33.30720138549805,0.194668108890661,35.33668107921571,0.62,8.82699966430664
2023-05-22,33.17778396606445,-0.3885568707371001,35.33668107921571,2.47,8.812000274658203
2023-05-23,33.44586944580078,0.8080270822503843,35.33668107921571,4.16,8.782999992370605
2023-05-24,33.31644821166992,-0.3869573022779016,35.33668107921571,4.69,8.791999816894531
2023-05-25,32.687835693359375,-1.886793316972968,35.33668107921571,0.88,8.78499984741211
2023-05-26,32.86347579956055,0.5373255906228502,35.33668107921571,0.24,8.755999565124512
2023-05-30,32.34579849243164,-1.5752360166839896,35.33668107921571,1.05,8.869999885559082
2023-05-31,31.162527084350582,-3.6581919854534406,35.33668107921571,1.31,8.918999671936035
2023-06-01,32.0962028503418,2.9961490718128925,35.33668107921571,2.87,8.95300006866455
2023-06-02,32.95592498779297,2.6785789629380385,35.33668107921571,1.78,8.914999961853027
2023-06-05,32.66934585571289,-0.8695830330546883,35.33668107921571,1.17,8.878000259399414
2023-06-06,32.63237380981445,-0.1131704505554775,35.33668107921571,0.53,8.871000289916992
2023-06-07,33.011383056640625,1.1614516585127577,35.33668107921571,1.71,8.843999862670898
2023-06-08,33.10382843017578,0.2800408979428015,35.33668107921571,1.02,8.843999862670898
2023-06-09,32.789520263671875,-0.9494616828590096,35.33668107921571,1.69,8.881999969482422
2023-06-12,32.142425537109375,-1.973480311267095,35.33668107921571,0.8,8.892000198364258
2023-06-13,32.42899703979492,0.8915677578678505,35.33668107921571,1.9,8.880000114440918
2023-06-14,32.40126037597656,-0.0855304398847844,35.33668107921571,1.29,8.800000190734863
2023-06-15,32.706321716308594,0.9415107214724828,35.33668107921571,0.85,8.831999778747559
2023-06-16,32.678585052490234,-0.0848052069533977,35.33668107921571,0.8,8.880000114440918
2023-06-20,32.41975021362305,-0.7920625646778534,35.33668107921571,1.29,8.887999534606934
2023-06-21,32.75254440307617,1.0265168215678688,35.33668107921571,1.49,8.875
2023-06-22,32.576904296875,-0.5362640045292966,35.33668107921571,3.32,8.84000015258789
2023-06-23,32.17939758300781,-1.2202102147112814,35.33668107921571,1.14,8.920999526977539
2023-06-26,32.576904296875,1.2352832673197425,35.33668107921571,1.43,8.935999870300293
2023-06-27,32.21637725830078,-1.1066952074043512,35.33668107921571,2.8,8.902000427246094
2023-06-28,32.253353118896484,0.1147734902011032,35.33668107921571,3.5,8.916000366210938
2023-06-29,32.32730865478516,0.2292956506446009,35.33668107921571,1.88,8.875
2023-06-30,32.62312698364258,0.9150725537234948,35.33668107921571,2.05,8.880000114440918
2023-07-03,33.21475982666016,1.8135381176495715,35.33668107921571,1.04,8.871999740600586
2023-07-05,32.63237380981445,-1.7533952371928452,35.33668107921571,3.12,8.838000297546387
2023-07-06,32.160911560058594,-1.4447684759423265,35.33668107921571,0.82,8.74899959564209
2023-07-07,32.58614730834961,1.3222129835994023,35.33668107921571,1.04,8.751999855041504
2023-07-10,32.549171447753906,-0.1134711024467383,35.33668107921571,0.21,8.734999656677246
2023-07-11,33.19627380371094,1.9880762771357308,35.33668107921571,0.51,8.72700023651123
2023-07-12,33.56604766845703,1.113901719610344,35.33668107921571,0.4,8.770000457763672
2023-07-13,33.76941680908203,0.6058775302762553,35.33668107921571,1.54,8.836999893188477
2023-07-14,32.83574295043945,-2.7648504086439374,35.33668107921571,0.56,8.82800006866455
2023-07-17,32.65085220336914,-0.5630777027015199,35.33668107921571,5.06,8.843999862670898
2023-07-18,33.0853385925293,1.3307045906609585,35.33668107921571,0.93,8.906999588012695
2023-07-19,33.41813659667969,1.00587758296522,35.33668107921571,1.1,8.883000373840332
2023-07-20,33.77866744995117,1.078847865225696,35.33668107921571,1.23,8.854000091552734
2023-07-21,33.92657470703125,0.4378717937859155,35.33668107921571,0.86,8.869999885559082
2023-07-24,34.370296478271484,1.3078885064936152,35.33668107921571,3.5,8.894000053405762
2023-07-25,34.41651916503906,0.1344843993324351,35.33668107921571,1.03,8.876999855041504
2023-07-26,34.29634094238281,-0.3491876156329287,35.33668107921571,1.52,8.848999977111816
2023-07-27,33.88959503173828,-1.185974653470634,35.33668107921571,0.57,8.857999801635742
2023-07-28,33.935813903808594,0.136380715163531,35.33668107921571,0.3,8.843999862670898
2023-07-31,34.48122787475586,1.6071928390851251,35.33668107921571,1.32,8.85099983215332
2023-08-02,33.30720138549805,-2.5162409980334144,35.33668107921571,2.08,8.82800006866455
2023-08-03,33.70470428466797,1.1934443082419754,35.33668107921571,1.28,8.807999610900879
2023-08-04,34.019012451171875,0.9325350071291982,35.33668107921571,0.77,8.814000129699707
2023-08-07,34.240875244140625,0.6521729379628249,35.33668107921571,3.99,8.802000045776367
2023-08-08,34.17616653442383,-0.1889808868944409,35.33668107921571,0.89,8.871999740600586
2023-08-09,34.59215545654297,1.2171901190267675,35.33668107921571,1.91,8.854000091552734
2023-08-10,34.68195343017578,0.259590570311885,35.33668107921571,1.88,8.845999717712402
2023-08-11,34.700653076171875,0.0539175108280387,35.33668107921571,1.31,8.788999557495117
2023-08-14,34.307823181152344,-1.1320533194497109,35.33668107921571,1.97,8.78600025177002
2023-08-15,33.737266540527344,-1.663051128637172,35.33668107921571,1.1,8.753000259399414
2023-08-16,33.568904876708984,-0.4990376550397579,35.33668107921571,1.0,8.763999938964844
2023-08-17,33.75597381591797,0.557268519470755,35.33668107921571,2.34,8.743000030517578
2023-08-18,33.89628219604492,0.4156549619694027,35.33668107921571,1.36,8.777000427246094
2023-08-21,34.214290618896484,0.9381808335566344,35.33668107921571,0.58,8.741000175476074
2023-08-22,34.01786804199219,-0.5740951320376442,35.33668107921571,0.53,8.765000343322754
2023-08-23,33.67179489135742,-1.0173275709329244,35.33668107921571,1.03,8.842000007629395
2023-08-24,33.45667266845703,-0.6388795833263017,35.33668107921571,1.52,8.845999717712402
2023-08-25,33.812095642089844,1.0623380787292191,35.33668107921571,4.15,8.821000099182129
2023-08-28,34.270408630371094,1.355470518990054,35.33668107921571,1.25,8.824000358581543
2023-08-29,34.700653076171875,1.2554400808033828,35.33668107921571,0.81,8.847000122070312
2023-08-30,34.87836837768555,0.5121382042106326,35.33668107921571,0.88,8.824000358581543
2023-08-31,34.775482177734375,-0.2949857024189151,35.33668107921571,1.06,8.880000114440918
2023-09-01,35.66404342651367,2.555137105613481,35.33668107921571,2.58,8.840999603271484
2023-09-05,35.916587829589844,0.7081205012453129,35.33668107921571,0.8,8.788999557495117
2023-09-06,36.31877899169922,1.1197922364385438,35.33668107921571,0.64,8.763999938964844
2023-09-07,36.01947021484375,-0.8241157471837846,35.33668107921571,1.68,8.784000396728516
2023-09-08,36.16912078857422,0.4154713349137306,35.33668107921571,1.29,8.803999900817871
2023-09-11,36.11300277709961,-0.1551544805378224,35.33668107921571,1.83,8.77400016784668
2023-09-12,35.635982513427734,-1.3209099963694235,35.33668107921571,0.77,8.776000022888184
2023-09-13,35.7856330871582,0.4199423256369572,35.33668107921571,1.66,8.753000259399414
2023-09-14,36.57131576538086,2.1955254398017043,35.33668107921571,1.77,8.79800033569336
2023-09-15,36.24394989013672,-0.8951438262279621,35.33668107921571,0.64,8.755000114440918
2023-09-18,36.06623840332031,-0.4903204185942478,35.33668107921571,2.85,8.729000091552734
2023-09-19,36.30942535400391,0.6742786646172894,35.33668107921571,0.65,8.720999717712402
2023-09-20,36.12235641479492,-0.5152076558225027,35.33668107921571,1.67,8.736000061035156
2023-09-21,35.64533996582031,-1.3205573952513094,35.33668107921571,1.49,8.732999801635742
2023-09-22,35.95399856567383,0.8659157133849238,35.33668107921571,1.81,8.723999977111816
2023-09-25,36.24394989013672,0.8064508428270223,35.33668107921571,3.41,8.710000038146973
2023-09-26,36.14106369018555,-0.2838713778797297,35.33668107921571,2.22,8.689000129699707
2023-09-27,36.92673873901367,2.173912355107244,35.33668107921571,2.55,8.659000396728516
2023-09-28,36.879974365234375,-0.1266409528060785,35.33668107921571,3.41,8.59000015258789
2023-09-29,36.21589279174805,-1.800656277332824,35.33668107921571,0.74,8.668999671936035
2023-10-02,35.37408828735352,-2.324406329660722,35.33668107921571,0.54,8.640999794006348
2023-10-03,35.16831970214844,-0.5816929712323948,35.33668107921571,0.74,8.59000015258789
2023-10-04,33.961753845214844,-3.430831689294167,35.33668107921571,1.07,8.57699966430664
2023-10-05,34.05528259277344,0.2753943391288427,35.33668107921571,1.75,8.604000091552734
2023-10-06,34.85966491699219,2.361989867585001,35.33668107921571,1.98,8.60099983215332
2023-10-09,35.89787673950195,2.978261050362807,35.33668107921571,0.44,8.654000282287598
2023-10-10,36.12235641479492,0.6253285589059798,35.33668107921571,1.63,8.65999984741211
2023-10-11,36.15041732788086,0.0776829528055023,35.33668107921571,0.66,8.706999778747559
2023-10-12,36.74902725219727,1.6558866219636537,35.33668107921571,0.81,8.673999786376953
2023-10-13,37.42245864868164,1.8325148904291264,35.33668107921571,1.11,8.680999755859375
2023-10-16,37.61888122558594,0.5248788668545057,35.33668107921571,4.49,8.663000106811523
2023-10-17,38.17072677612305,1.4669376987260785,35.33668107921571,0.64,8.612000465393066
2023-10-18,38.0865478515625,-0.2205326743037083,35.33668107921571,1.09,8.586000442504883
2023-10-19,37.72176742553711,-0.9577671030913004,35.33668107921571,2.38,8.597000122070312
2023-10-20,37.0483283996582,-1.7852796192762588,35.33668107921571,0.4,8.609999656677246
2023-10-23,36.384254455566406,-1.7924531895963325,35.33668107921571,1.1,8.626999855041504
2023-10-24,36.28136444091797,-0.2827872006394671,35.33668107921571,1.07,8.649999618530273
2023-10-25,36.53390502929688,0.6960614416531952,35.33668107921571,1.24,8.621000289916992
2023-10-26,36.30942535400391,-0.614442050782571,35.33668107921571,2.65,8.631999969482422
2023-10-27,36.14106369018555,-0.4636858396322552,35.33668107921571,1.08,8.640000343322754
2023-10-30,35.869815826416016,-0.7505254026134001,35.33668107921571,1.21,8.656999588012695
2023-10-31,34.214290618896484,-4.615371362738729,35.33668107921571,0.95,8.692999839782715
2023-11-01,33.75597381591797,-1.3395478751366818,35.33668107921571,1.75,8.71399974822998
2023-11-02,34.47618103027344,2.133569655797785,35.33668107921571,3.04,8.739999771118164
2023-11-03,33.858863830566406,-1.7905614289615346,35.33668107921571,0.41,8.78600025177002
2023-11-06,33.952396392822266,0.2762424714659817,35.33668107921571,0.56,8.75
2023-11-07,33.17607498168945,-2.286499610074444,35.33668107921571,0.19,8.78499984741211
2023-11-08,32.64293670654297,-1.6069962327994958,35.33668107921571,2.27,8.829999923706055
2023-11-09,32.8475227355957,0.626739042788782,35.33668107921571,0.49,8.791000366210938
2023-11-10,33.22638702392578,1.1534029259366865,35.33668107921571,1.22,8.76099967956543
2023-11-13,33.81362533569336,1.7673853956637453,35.33668107921571,1.48,8.760000228881836
2023-11-14,33.9556999206543,0.4201696314738656,35.33668107921571,0.99,8.838000297546387
2023-11-15,33.709442138671875,-0.7252325310856844,35.33668107921571,0.47,8.861000061035156
2023-11-16,33.1695556640625,-1.6015882801869608,35.33668107921571,1.2,8.868000030517578
2023-11-17,33.7283821105957,1.6847571073695722,35.33668107921571,6.38,8.847000122070312
2023-11-20,33.98411560058594,0.7582145184185984,35.33668107921571,0.66,8.845000267028809
2023-11-21,33.85151672363281,-0.3901789839451886,35.33668107921571,1.3,8.883999824523926
2023-11-22,33.40634536743164,-1.315070635787452,35.33668107921571,0.13,8.88700008392334
2023-11-24,33.92728805541992,1.5594123878517996,35.33668107921571,1.41,8.85200023651123
2023-11-27,34.04094314575195,0.3349960956100517,35.33668107921571,1.26,8.881999969482422
2023-11-28,34.04094314575195,0.0,35.33668107921571,1.83,8.907999992370605
2023-11-29,34.16407775878906,0.3617250336158006,35.33668107921571,0.94,8.946000099182129
2023-11-30,34.3724479675293,0.60991024025705,35.33668107921571,1.29,8.932999610900879
2023-12-01,34.07883071899414,-0.8542226867650715,35.33668107921571,1.82,9.010000228881836
2023-12-04,33.709442138671875,-1.0839238686566333,35.33668107921571,2.63,9.013999938964844
2023-12-05,33.42529296875,-0.8429364352959601,35.33668107921571,1.99,9.093999862670898
2023-12-06,33.00853729248047,-1.2468272953034876,35.33668107921571,3.59,9.123000144958496
2023-12-07,32.85699462890625,-0.4591014204338606,35.33668107921571,3.29,9.125
2023-12-08,33.43476104736328,1.7584274672179934,35.33668107921571,1.68,9.079999923706056
2023-12-11,33.27374267578125,-0.4815897184189066,35.33668107921571,0.46,9.083999633789062
2023-12-12,32.92329406738281,-1.053228702924114,35.33668107921571,1.21,9.064000129699709
2023-12-13,33.17902755737305,0.7767554773432828,35.33668107921571,1.65,9.10200023651123
2023-12-14,33.90834426879883,2.198125638747705,35.33668107921571,1.84,9.159000396728516
2023-12-15,32.97065353393555,-2.7653686875124373,35.33668107921571,1.82,9.220999717712402
2023-12-18,33.26427459716797,0.8905527545282288,35.33668107921571,1.85,9.204999923706056
2023-12-19,33.52947998046875,0.7972678993076965,35.33668107921571,0.33,9.239999771118164
2023-12-20,33.1695556640625,-1.0734563035749711,35.33668107921571,6.49,9.276000022888184
2023-12-21,33.586307525634766,1.2564288342993946,35.33668107921571,0.41,9.284000396728516
2023-12-22,33.46317672729492,-0.3666101081396422,35.33668107921571,3.24,9.298999786376951
2023-12-27,33.842041015625,0.1682137255986759,35.33668107921571,1.81,9.336000442504885
2023-12-28,33.46317672729492,-1.1195077984662791,35.33668107921571,0.67,9.29599952697754
2023-12-29,33.52947998046875,0.1981379523951387,35.33668107921571,0.91,9.25
2024-01-03,34.097774505615234,1.408448307374055,35.33668107921571,1.57,9.237000465393066
2024-01-04,33.870460510253906,-0.6666534653864131,35.33668107921571,0.78,9.190999984741213
2024-01-05,34.126190185546875,0.755022729069621,35.33668107921571,2.46,9.161999702453612
2024-01-08,33.55789566040039,-1.6652738616781404,35.33668107921571,1.16,9.182000160217283
2024-01-09,33.04642868041992,-1.5241330539805586,35.33668107921571,1.86,9.145000457763672
2024-01-10,32.8664665222168,-0.5445736964301728,35.33668107921571,1.05,9.173999786376951
2024-01-11,32.78122329711914,-0.2593623048587679,35.33668107921571,1.34,9.13599967956543
2024-01-12,33.01801681518555,0.7223449714496066,35.33668107921571,2.44,9.184000015258787
2024-01-16,32.468658447265625,-1.663813944353143,35.33668107921571,0.52,9.149999618530272
2024-01-17,32.108741760253906,-1.108504952849476,35.33668107921571,1.19,9.090999603271484
2024-01-18,32.231868743896484,0.3834687281174975,35.33668107921571,0.83,9.09000015258789
2024-01-19,32.061378479003906,-0.528949364516329,35.33668107921571,0.6,9.109999656677246
2024-01-22,32.440242767333984,1.1816843389256926,35.33668107921571,1.6,9.140000343322754
2024-01-23,32.440242767333984,0.0,35.33668107921571,3.55,9.097999572753906
2024-01-24,32.733863830566406,0.9051136433790408,35.33668107921571,1.31,9.107000350952148
2024-01-25,33.29269027709961,1.7071814357930482,35.33668107921571,3.2,9.121000289916992
2024-01-26,33.7473258972168,1.3655718908060388,35.33668107921571,2.06,9.131999969482422
2024-01-29,33.7473258972168,0.0,35.33668107921571,0.68,9.157999992370604
2024-01-30,33.993587493896484,0.7297218079729273,35.33668107921571,1.19,9.119999885559082
2024-01-31,33.24532699584961,-2.2011813203923425,35.33668107921571,0.32,9.187999725341797
